date,tournament,team1,team2,picks1,picks2,bans1,bans2,winner
2025-04-09,RPL 2025 Summer - GS,PSG,KOG,"Maloch,Keera,Raz,Capheny,Enzo","Airi,Zuka,Iggy,Hayate,Roxie","Eland'orr,Bolt Baron,Murad,Mina","Valhein,Billow,Alice,Omen",PSG
2025-04-09,RPL 2025 Summer - GS,PSG,KOG,"Florentino,Tachi,Lorion,Violet,Ming","Yena,Marja,Ignis,Stuart,Y'bneth","Valhein,Maloch,Eland'orr,Baldum","Billow,Enzo,Raz,Liliana",PSG
2025-04-09,RPL 2025 Summer - GS,PSG,KOG,"Airi,Bolt Baron,Iggy,Stuart,Dolia","Florentino,Tachi,Liliana,Violet,TeeMee","Eland'orr,Maloch,Hayate,Murad","Valhein,Billow,Raz,Ryoma",PSG
2025-04-09,RPL 2025 Summer - GS,PSG,KOG,"Qi,Eland'orr,Ignis,Murad,TeeMee","Omen,Billow,Rouie,Capheny,Arduin","Valhein,Marja,Krixi,Liliana","Maloch,Stuart,Florentino,Mina",KOG
2025-04-09,RPL 2025 Summer - GS,PSG,KOG,"Skud,Marja,Rouie,Wisp,Arduin","Qi,Kriknak,Raz,Fennik,Enzo","Eland'orr,Maloch,Hayate,Capheny","Valhein,Billow,Omen,Stuart",KOG
2025-04-09,RPL 2025 Summer - GS,FS,eA,"Skud,Errol,Illumia,Violet,Ming","Omen,Zuka,Liliana,Stuart,Krizzix","Valhein,Maloch,Riktor,Marja","Billow,Hayate,Mganga,Rouie",eA
2025-04-09,RPL 2025 Summer - GS,FS,eA,"Riktor,Marja,Ignis,Stuart,Arduin","Ryoma,Keera,Iggy,Erin,TeeMee","Maloch,Eland'orr,Valhein,Capheny","Billow,Hayate,Rouie,Omen",FS
2025-04-09,RPL 2025 Summer - GS,FS,eA,"Florentino,Aoi,Natalya,Capheny,TeeMee","Airi,Bolt Baron,Rouie,Wisp,Arduin","Valhein,Maloch,Marja,Keera","Billow,Hayate,Stuart,Eland'orr",FS
2025-04-09,RPL 2025 Summer - GS,FS,eA,"Biron,Tachi,Raz,Valhein,Enzo","Yena,Billow,Illumia,Tel'Annas,Toro","Maloch,TeeMee,Qi,Liliana","Hayate,Stuart,Florentino,Eland'orr",eA
2025-04-09,RPL 2025 Summer - GS,FS,eA,"Qi,Bolt Baron,Maloch,Wisp,Dolia","Florentino,Tachi,Natalya,Hayate,Enzo","Eland'orr,Roxie,Omen,Airi","Valhein,Billow,Capheny,Keera",eA
2025-04-06,AOG Spring 2025 GS1,SGP,FL,"Ryoma,Wonder Woman,Tulen,Fennik,Rouie","Riktor,Yan,Raz,Hayate,Mina","TeeMee,Stuart,Florentino,Tachi","Maloch,Billow,Roxie,Arduin",FL
2025-04-06,AOG Spring 2025 GS1,SGP,FL,"Riktor,Marja,Krixi,Hayate,Enzo","Ryoma,Keera,Liliana,Capheny,Arduin","Raz,TeeMee,Eland'orr,Murad","Maloch,Rouie,Mina,Mganga",FL
2025-04-06,AOG Spring 2025 GS1,SGP,FL,"Omen,Bolt Baron,Ignis,Violet,TeeMee","Qi,Marja,Yue,Valhein,Y'bneth","Rouie,Raz,Liliana,Iggy","Maloch,Billow,Fennik,Florentino",SGP
2025-04-06,AOG Spring 2025 GS1,SGP,FL,"Yena,Eland'orr,Iggy,Stuart,Krizzix","Omen,Billow,Maloch,Elsu,Dolia","Rouie,Raz,Hayate,Mina","Bolt Baron,TeeMee,Krixi,Roxie",FL
2025-04-06,AOG Spring 2025 GS1,SGP,FL,"Qi,Keera,Natalya,Valhein,Zanis","Yena,Bolt Baron,Ignis,Fennik,Omega","Rouie,Raz,Roxie,Florentino","Maloch,Billow,Liliana,Yue",SGP
2025-04-06,RPL 2025 Summer - GS,HD,FS,"Biron,Keera,Liliana,Tel'Annas,Omega","Qi,Billow,Iggy,Hayate,Xeniel","Valhein,Rouie,Arduin,Marja","Florentino,Maloch,Zip,Omen",FS
2025-04-06,RPL 2025 Summer - GS,HD,FS,"Qi,Eland'orr,Raz,Stuart,Y'bneth","Skud,Sephera,Liliana,Violet,Enzo","Hayate,Rouie,Ming,Keera","Valhein,Maloch,Grakk,Bolt Baron",FS
2025-04-06,RPL 2025 Summer - GS,HD,FS,"Billow,Tachi,Ignis,Capheny,TeeMee","Omen,Bolt Baron,Illumia,Stuart,Dolia","Valhein,Maloch,Alice,Mina","Eland'orr,Hayate,Florentino,Qi",HD
2025-04-06,RPL 2025 Summer - GS,HD,FS,"Yena,Marja,Tulen,Violet,Enzo","Ryoma,Eland'orr,Raz,Capheny,TeeMee","Maloch,Billow,Qi,Murad","Valhein,Bolt Baron,Stuart,Omen",FS
2025-04-06,GCS 2025 Spring GS,DCG,ANK,"Skud,Aoi,Liliana,Fennik,Grakk","Yena,Keera,Rouie,Violet,Omega","Bolt Baron,TeeMee,Omen,Qi","Billow,Enzo,Krizzix,Roxie",ANK
2025-04-06,GCS 2025 Spring GS,DCG,ANK,"Ryoma,Zuka,Raz,Capheny,TeeMee","Marja,Eland'orr,Mganga,Elsu,Thane","Bolt Baron,Valhein,Toro,Omega","Billow,Maloch,Murad,Violet",ANK
2025-04-06,GCS 2025 Spring GS,DCG,ANK,"Qi,Yan,Alice,Valhein,Arduin","Florentino,Billow,Ignis,Fennik,Enzo","Rouie,Keera,Bolt Baron,Omen","Marja,Stuart,Raz,Liliana",ANK
2025-04-06,GCS 2025 Spring GS,DCG,ANK,"Riktor,Keera,Rouie,Hayate,Wiro Sableng","Ryoma,Aoi,Raz,Stuart,Dolia","Bolt Baron,Marja,Ming,Krizzix","Maloch,TeeMee,Omen,Skud",DCG
2025-04-06,AOG Spring 2025 GS1,BSS,1S,"Skud,Ignis,Enzo,Maloch,Dolia","Yena,Hayate,Capheny,Rouie,Toro","Valhein,Marja,Florentino,Murad","Billow,Bolt Baron,Fennik,Qi",1S
2025-04-06,AOG Spring 2025 GS1,BSS,1S,"Mina,Rouie,Aoi,Stuart,Zanis","Qi,Tachi,Violet,Tulen,Ming","TeeMee,Marja,Skud,Florentino","Bolt Baron,Billow,Omen,Enzo",1S
2025-04-06,AOG Spring 2025 GS1,BSS,1S,"Marja,Zephys,Liliana,Valhein,Zip","Ryoma,Bolt Baron,Fennik,Raz,Y'bneth","Stuart,Billow,TeeMee,Murad","Eland'orr,Tulen,Mganga,Qi",1S
2025-04-06,AOG Spring 2025 GS1,BSS,1S,"Ryoma,Zuka,Raz,Hayate,TeeMee","Maloch,Eland'orr,Elsu,Liliana,Arduin","Valhein,Stuart,Dolia,Omen","Rouie,Enzo,Mina,Murad",BSS
2025-04-06,RPL 2025 Summer - GS,KOG,BAC,"Marja,Tachi,Rouie,Wisp,TeeMee","Yena,Fennik,Ignis,Capheny,Ming","Billow,Enzo,Keera,Qi","Valhein,Maloch,Murad,Florentino",BAC
2025-04-06,RPL 2025 Summer - GS,KOG,BAC,"Ryoma,Billow,Liliana,Stuart,Arduin","Skud,Eland'orr,Raz,Bolt Baron,TeeMee","Enzo,Rouie,Florentino,Omen","Valhein,Maloch,Murad,Mina",BAC
2025-04-06,RPL 2025 Summer - GS,KOG,BAC,"Qi,Zuka,Raz,Hayate,Enzo","Airi,Marja,Tulen,Wisp,Arduin","Maloch,Eland'orr,Rouie,Omen","Valhein,Billow,Tachi,Keera",BAC
2025-04-06,AOG Spring 2025 GS1,BOX,TDT,"Murad,Rourke,Tulen,Hayate,Roxie","Riktor,Billow,Iggy,Violet,TeeMee","Maloch,Valhein,Liliana,Mganga","Stuart,Enzo,Qi,Florentino",TDT
2025-04-06,AOG Spring 2025 GS1,BOX,TDT,"Marja,Wonder Woman,Superman,Violet,Ming","Yena,Aoi,Rouie,Eland'orr,Grakk","Maloch,Bolt Baron,Fennik,Hayate","Billow,Valhein,Florentino,Qi",TDT
2025-04-06,AOG Spring 2025 GS1,BOX,TDT,"Omen,Fennik,Raz,Maloch,Dolia","Florentino,Marja,Murad,Stuart,Baldum","Hayate,Bolt Baron,Liliana,Roxie","Billow,Valhein,Qi,Keera",BOX
2025-04-06,AOG Spring 2025 GS1,BOX,TDT,"Riktor,Eland'orr,Rouie,Capheny,Y'bneth","Mina,Ryoma,Ignis,Slimz,Thane","Maloch,Stuart,Hayate,Bolt Baron","Billow,Valhein,Omen,Florentino",BOX
2025-04-06,AOG Spring 2025 GS1,BOX,TDT,"Bolt Baron,Aoi,Liliana,Teeri,TeeMee","Qi,Keera,Raz,Capheny,Enzo","Maloch,Stuart,Murad,Marja","Billow,Valhein,Violet,Tel'Annas",TDT
2025-04-06,GCS 2025 Spring GS,HKA,BMG,"Billow,Nakroth,Ignis,Wisp,Thane","Murad,Eland'orr,Iggy,Fennik,Toro","Rouie,Stuart,Enzo,Y'bneth","Raz,Bolt Baron,Qi,Omen",BMG
2025-04-06,GCS 2025 Spring GS,HKA,BMG,"Biron,Eland'orr,Liliana,Violet,Enzo","Qi,Keera,Mganga,Capheny,TeeMee","Bolt Baron,Billow,Arduin,Omega","Raz,Marja,Omen,Florentino",BMG
2025-04-06,GCS 2025 Spring GS,HKA,BMG,"Ryoma,Wonder Woman,Rouie,Fennik,Toro","Marja,Aoi,Raz,Valhein,Thane","Bolt Baron,Stuart,Enzo,Ming","Billow,TeeMee,Omen,Eland'orr",BMG
2025-04-06,RPL 2025 Summer - GS,TLN,eA,"Yena,Tulen,Liliana,Valhein,Arum","Skud,Billow,Ignis,Tel'Annas,Omega","Rouie,Maloch,Florentino,Diao Chan","Eland'orr,Stuart,Tachi,Errol",TLN
2025-04-06,RPL 2025 Summer - GS,TLN,eA,"Mina,Keera,Rouie,Violet,Enzo","Riktor,Eland'orr,Raz,Stuart,TeeMee","Maloch,Florentino,Murad,Yena","Valhein,Billow,Qi,Omen",TLN
2025-04-06,RPL 2025 Summer - GS,TLN,eA,"Maloch,Bolt Baron,Ignis,Wisp,Dolia","Airi,Keera,Liliana,Capheny,Roxie","Billow,Valhein,Natalya,Florentino","Stuart,Tel'Annas,Omen,Hayate",TLN
2025-04-05,AOG Spring 2025 GS1,FPL,SPN,"Riktor,Marja,Iggy,Slimz,TeeMee","Paine,Ryoma,Tulen,Tel'Annas,Zip","Bolt Baron,Valhein,Rouie,Eland'orr","Billow,Enzo,Stuart,Omen",SPN
2025-04-05,AOG Spring 2025 GS1,FPL,SPN,"Skud,Zill,Maloch,Elsu,Dolia","Roxie,Kriknak,Liliana,Stuart,TeeMee","Valhein,Marja,Aoi,Florentino","Enzo,Eland'orr,Keera,Billow",FPL
2025-04-05,AOG Spring 2025 GS1,FPL,SPN,"Bolt Baron,Fennik,Liliana,Hayate,Toro","Omen,Keera,Raz,Violet,Enzo","Valhein,Marja,Ming,TeeMee","Stuart,Eland'orr,Grakk,Mina",SPN
2025-04-05,AOG Spring 2025 GS1,FPL,SPN,"Florentino,Aoi,Raz,Valhein,Zip","Qi,Billow,Maloch,Capheny,Dolia","Eland'orr,Stuart,Fennik,Murad","Marja,Bolt Baron,Keera,Roxie",SPN
2025-04-05,RPL 2025 Summer - GS,KOG,BRU,"Murad,Keera,Liliana,Hayate,Toro","Ryoma,Bolt Baron,Iggy,Fennik,Enzo","Rouie,Eland'orr,Elsu,Omen","Valhein,Billow,TeeMee,Florentino",BRU
2025-04-05,RPL 2025 Summer - GS,KOG,BRU,"Omen,Bolt Baron,Rouie,Wisp,Arduin","Yena,Kriknak,Lorion,Hayate,TeeMee","Eland'orr,Maloch,Yan,Mina","Valhein,Billow,Capheny,Fennik",BRU
2025-04-05,RPL 2025 Summer - GS,KOG,BRU,"Mina,Zuka,Maloch,Violet,Dolia","Qi,Keera,Lauriel,Capheny,Roxie","Stuart,Rouie,Liliana,Enzo","Valhein,Billow,Eland'orr,Aleister",KOG
2025-04-05,RPL 2025 Summer - GS,KOG,BRU,"Qi,Yan,Illumia,Stuart,Enzo","Florentino,Tachi,Raz,Marja,Thane","Maloch,Hayate,Arduin,TeeMee","Valhein,Billow,Eland'orr,Keera",BRU
2025-04-05,GCS 2025 Spring GS,ONE,BMG,"Airi,Eland'orr,Rouie,Yena,Toro","Ryoma,Keera,Azzen'Ka,Stuart,TeeMee","Valhein,Maloch,Qi,Murad","Bolt Baron,Raz,Omen,Marja",ONE
2025-04-05,GCS 2025 Spring GS,ONE,BMG,"Charlotte,Keera,Liliana,Capheny,Enzo","Marja,Zuka,Iggy,Wisp,Thane","Valhein,Rouie,TeeMee,Krizzix","Raz,Bolt Baron,Omen,Qi",BMG
2025-04-05,GCS 2025 Spring GS,ONE,BMG,"Billow,Zuka,Iggy,Hayate,TeeMee","Bolt Baron,Aoi,Ignis,Capheny,Toro","Valhein,Rouie,Tulen,Liliana","Raz,Marja,Omen,Qi",ONE
2025-04-05,GCS 2025 Spring GS,ONE,BMG,"Riktor,Aoi,Mganga,Valhein,Grakk","Biron,Billow,Raz,Fennik,Enzo","Maloch,Stuart,Omen,Qi","Bolt Baron,Marja,Arduin,Wiro Sableng",ONE
2025-04-05,AOG Spring 2025 GS1,SGP,BOX,"Florentino,Zill,Alice,Slimz,Dolia","Tulen,Keera,Superman,Stuart,Maloch","Rouie,Billow,Ryoma,Roxie","Valhein,Bolt Baron,Aoi,Murad",BOX
2025-04-05,AOG Spring 2025 GS1,SGP,BOX,"Skud,Keera,Rouie,Violet,Zanis","Yan,Eland'orr,Diao Chan,Fennik,Krizzix","Billow,Hayate,Florentino,Natalya","Valhein,Maloch,Wiro Sableng,Murad",SGP
2025-04-05,AOG Spring 2025 GS1,SGP,BOX,"Riktor,Marja,Raz,Hayate,Arduin","Airi,Enzo,Iggy,Capheny,TeeMee","Billow,Rouie,Eland'orr,Florentino","Valhein,Maloch,Murad,Omen",SGP
2025-04-05,AOG Spring 2025 GS1,SGP,BOX,"Yena,Eland'orr,Yue,Stuart,TeeMee","Marja,Wonder Woman,Liliana,Violet,Ming","Billow,Rouie,Mina,Omen","Valhein,Bolt Baron,Raz,Murad",BOX
2025-04-05,AOG Spring 2025 GS1,SGP,BOX,"Biron,Billow,Ignis,Fennik,Y'bneth","Qi,Bolt Baron,Raz,Valhein,Baldum","Rouie,Enzo,Zip,Ming","Murad,Stuart,Murad,Xeniel",BOX
2025-04-05,RPL 2025 Summer - GS,eA,HD,"Riktor,Bolt Baron,Mganga,Capheny,Ming","Biron,Aoi,Raz,Hayate,TeeMee","Maloch,Eland'orr,Florentino,Omen","Valhein,Billow,Qi,Tachi",eA
2025-04-05,RPL 2025 Summer - GS,eA,HD,"Ryoma,Zuka,Rouie,Hayate,Toro","Marja,Keera,Ignis,Violet,Enzo","Valhein,Billow,Raz,Natalya","Eland'orr,Maloch,Arduin,Omen",eA
2025-04-05,RPL 2025 Summer - GS,eA,HD,"Qi,Keera,Iggy,Tel'Annas,Enzo","Murad,Nakroth,Liliana,Capheny,Toro","Valhein,Marja,TeeMee,Arduin","Billow,Stuart,Mina,Omen",eA
2025-04-05,RPL 2025 Summer - GS,eA,HD,"Marja,Fennik,Aleister,Valhein,TeeMee","Yena,Bolt Baron,Iggy,Stuart,Y'bneth","Eland'orr,Hayate,Qi,Omen","Billow,Maloch,Tachi,Keera",HD
2025-04-05,AOG Spring 2025 GS1,FL,BSS,"Yena,Rourke,Raz,Hayate,TeeMee","Riktor,Aoi,Liliana,Fennik,Enzo","Valhein,Maloch,Capheny,Eland'orr","Billow,Marja,Murad,Bolt Baron",FL
2025-04-05,AOG Spring 2025 GS1,FL,BSS,"Ryoma,Keera,Violet,Superman,Zip","Marja,Bolt Baron,Rouie,Murad,Omen","Valhein,Stuart,Fennik,Hayate","Raz,Billow,Qi,Mina",BSS
2025-04-05,AOG Spring 2025 GS1,FL,BSS,"Riktor,Eland'orr,Iggy,Stuart,Thane","Yena,Billow,Diao Chan,Erin,Grakk","Enzo,Dolia,Liliana,Murad","Raz,TeeMee,Qi,Omen",FL
2025-04-05,AOG Spring 2025 GS1,FL,BSS,"Skud,Wonder Woman,Rouie,Capheny,Arduin","Ryoma,Yan,Raz,Laville,TeeMee","Dolia,Stuart,Mina,Tel'Annas","Billow,Valhein,Florentino,Omen",FL
2025-04-05,GCS 2025 Spring GS,ANK,FW,"Yena,Bolt Baron,Alice,Elsu,Dolia","Zuka,Eland'orr,Lorion,Stuart,Maloch","Billow,Enzo,Raz,Mganga","Rouie,Hayate,Aoi,Wonder Woman",FW
2025-04-05,GCS 2025 Spring GS,ANK,FW,"Charlotte,Keera,Raz,Capheny,Enzo","Skud,Yan,Tulen,Fennik,Arduin","Bolt Baron,Billow,Mganga,Liliana","Marja,Rouie,Stuart,Florentino",FW
2025-04-05,GCS 2025 Spring GS,ANK,FW,"Ryoma,Billow,Yue,Violet,Omega","Marja,Aoi,Ignis,Valhein,Zanis","Bolt Baron,TeeMee,Enzo,Maloch","Eland'orr,Hayate,Raz,Mganga",FW
2025-04-05,RPL 2025 Summer - GS,BAC,PSG,"Florentino,Billow,Rouie,Hayate,Arduin","Ryoma,Yan,Liliana,Stuart,Enzo","Maloch,Marja,Keera,Raz","Valhein,Eland'orr,Xeniel,Yue",BAC
2025-04-05,RPL 2025 Summer - GS,BAC,PSG,"Riktor,Bolt Baron,Iggy,Violet,Enzo","Murad,Tachi,Tulen,Eland'orr,TeeMee","Maloch,Marja,Liliana,Florentino","Valhein,Rouie,Qi,Mina",BAC
2025-04-05,RPL 2025 Summer - GS,BAC,PSG,"Marja,Tachi,Raz,Teeri,TeeMee","Qi,Bolt Baron,Rouie,Tel'Annas,Zip","Maloch,Eland'orr,Enzo,Baldum","Fennik,Hayate,Billow,Valhein",BAC
2025-04-04,AOG Spring 2025 GS1,TDT,SPN,"Florentino,Ryoma,Diao Chan,Stuart,Enzo","Qi,Sinestrea,Rouie,Violet,Arduin","Billow,Marja,Airi,Murad","Valhein,Bolt Baron,Liliana,Natalya",TDT
2025-04-04,AOG Spring 2025 GS1,TDT,SPN,"Murad,Nakroth,Iggy,Capheny,Mina","Florentino,Eland'orr,Natalya,Elsu,Y'bneth","Billow,TeeMee,Grakk,Roxie","Valhein,Bolt Baron,Ryoma,Liliana",SPN
2025-04-04,AOG Spring 2025 GS1,TDT,SPN,"Riktor,Billow,Ignis,Fennik,Y'bneth","Bolt Baron,Keera,Raz,Valhein,Zip","Marja,Eland'orr,Florentino,Omen","Stuart,Enzo,Omega,Qi",SPN
2025-04-04,AOG Spring 2025 GS1,TDT,SPN,"Marja,Rourke,Rouie,Hayate,Thane","Ryoma,Fennik,Alice,Stuart,Dolia","Maloch,Eland'orr,Florentino,Qi","Billow,Valhein,Riktor,Omen",TDT
2025-04-04,AOG Spring 2025 GS1,TDT,SPN,"Skud,Keera,Raz,Violet,TeeMee","Yena,Enzo,Liliana,Capheny,Baldum","Valhein,Billow,Aoi,Bolt Baron","Stuart,Marja,Mina,Omen",TDT
2025-04-04,RPL 2025 Summer - GS,FS,TLN,"Yena,Yan,Ignis,Capheny,Wiro Sableng","Riktor,Tachi,Rouie,Wisp,TeeMee","Valhein,Billow,Marja,Eland'orr","Maloch,Stuart,Florentino,Qi",TLN
2025-04-04,RPL 2025 Summer - GS,FS,TLN,"Riktor,Billow,Yue,Hayate,Enzo","Yena,Keera,Liliana,Stuart,Arduin","Valhein,Rouie,Eland'orr,Murad","Maloch,Raz,Florentino,Marja",TLN
2025-04-04,RPL 2025 Summer - GS,FS,TLN,"Skud,Keera,Mganga,Valhein,Ming","Qi,Bolt Baron,Diao Chan,Tel'Annas,Raz","Stuart,Eland'orr,Florentino,Murad","Billow,Enzo,Tachi,Omen",TLN
2025-04-04,GCS 2025 Spring GS,HKA,FW,"Yena,Nakroth,Rouie,Fennik,Omega","Biron,Keera,Dirak,Wisp,Roxie","Marja,Valhein,Florentino,Hayate","Bolt Baron,Billow,Eland'orr,Wonder Woman",FW
2025-04-04,GCS 2025 Spring GS,HKA,FW,"Biron,Aoi,Iggy,Violet,Toro","Billow,Nakroth,Ignis,Stuart,TeeMee","Bolt Baron,Marja,Liliana,Tulen","Rouie,Maloch,Hayate,Florentino",FW
2025-04-04,GCS 2025 Spring GS,HKA,FW,"Omen,Marja,Mganga,Valhein,Enzo","Qi,Tachi,Raz,Capheny,Arduin","Bolt Baron,Stuart,Keera,Billow","Rouie,Maloch,Eland'orr,Florentino",FW
2025-04-04,AOG Spring 2025 GS1,1S,FPL,"Roxie,Billow,Iggy,Elsu,Enzo","Murad,Volkath,Tulen,Stuart,TeeMee","Eland'orr,Valhein,Nakroth,Aoi","Marja,Bolt Baron,Skud,Omen",1S
2025-04-04,AOG Spring 2025 GS1,1S,FPL,"Qi,Rourke,Violet,Rouie,TeeMee","Florentino,Marja,Raz,Capheny,Enzo","Eland'orr,Valhein,Hayate,Roxie","Billow,Bolt Baron,Wonder Woman,Aoi",1S
2025-04-04,AOG Spring 2025 GS1,1S,FPL,"Biron,Keera,Raz,Valhein,Zip","Riktor,Billow,Ignis,Fennik,Omega","Bolt Baron,Stuart,Yena,Ryoma","Maloch,Eland'orr,Enzo,Omen",1S
2025-04-04,AOG Spring 2025 GS1,SGP,BSS,"Bolt Baron,Zuka,Raz,Capheny,Zip","Murad,Aoi,Hayate,Rouie,Zanis","TeeMee,Marja,Mina,Omen","Dolia,Billow,Florentino,Volkath",SGP
2025-04-04,AOG Spring 2025 GS1,SGP,BSS,"Qi,Murad,Rouie,Valhein,Krizzix","Yena,Errol,Maloch,Fennik,Dolia","Billow,Marja,Omen,Aoi","Raz,Stuart,Florentino,Eland'orr",SGP
2025-04-04,AOG Spring 2025 GS1,SGP,BSS,"Omen,Marja,Liliana,Hayate,TeeMee","Qi,Keera,Raz,Tel'Annas,Enzo","Valhein,Billow,Eland'orr,Capheny","Maloch,Stuart,Skud,Florentino",SGP
2025-04-04,GCS 2025 Spring GS,DCG,ONE,"Yena,Keera,Raz,Elsu,Arduin","Riktor,Aoi,Mganga,Violet,Enzo","Bolt Baron,Rouie,Hayate,Omen","Valhein,Eland'orr,Qi,Florentino",ONE
2025-04-04,GCS 2025 Spring GS,DCG,ONE,"Marja,Murad,Zata,Slimz,Dolia","Charlotte,Eland'orr,Alice,Fennik,Maloch","Bolt Baron,Rouie,Stuart,Omen","Valhein,Raz,Qi,Mina",DCG
2025-04-04,GCS 2025 Spring GS,DCG,ONE,"Bolt Baron,Butterfly,Iggy,Stuart,Enzo","Billow,Ryoma,Ignis,Marja,TeeMee","Rouie,Eland'orr,Hayate,Omen","Valhein,Raz,Qi,Dolia",ONE
2025-04-04,GCS 2025 Spring GS,DCG,ONE,"Airi,Zuka,Liliana,Hayate,TeeMee","Qi,Keera,Diao Chan,Capheny,Krizzix","Bolt Baron,Marja,Krixi,Zata","Valhein,Raz,Omen,Aoi",DCG
2025-04-04,GCS 2025 Spring GS,DCG,ONE,"Billow,Tachi,Rouie,Fennik,Toro","Yena,Zuka,Raz,Valhein,Y'bneth","Bolt Baron,Marja,Krizzix,Wiro Sableng","Maloch,Stuart,Omen,Keera",ONE
2025-04-03,AOG Spring 2025 GS1,TDT,FPL,"Billow,Violet,Ignis,Marja,Ming","Qi,Keera,Sephera,Stuart,Arduin","Enzo,Valhein,Yue,Krizzix","Maloch,Bolt Baron,Elsu,Omen",TDT
2025-04-03,AOG Spring 2025 GS1,TDT,FPL,"Qi,Rourke,Natalya,Hayate,TeeMee","Airi,Aoi,Alice,Capheny,Maloch","Valhein,Billow,Eland'orr,Keera","Bolt Baron,Marja,Florentino,Omen",TDT
2025-04-03,AOG Spring 2025 GS1,TDT,FPL,"Airi,Aoi,Iggy,Stuart,Dolia","Florentino,Marja,Raz,Violet,Grakk","Enzo,Maloch,Y'bneth,Krizzix","Bolt Baron,TeeMee,Eland'orr,Murad",FPL
2025-04-03,AOG Spring 2025 GS1,TDT,FPL,"Ryoma,Keera,Raz,Fennik,Enzo","Yena,Bolt Baron,Liliana,Hayate,TeeMee","Valhein,Maloch,Capheny,Violet","Eland'orr,Marja,Qi,Florentino",TDT
2025-04-03,AOG Spring 2025 GS1,SPN,BOX,"Riktor,Billow,Tulen,Hayate,Y'bneth","Murad,Wonder Woman,Ignis,Fennik,Aleister","Marja,Maloch,Eland'orr,Stuart","Valhein,Bolt Baron,Omen,Xeniel",SPN
2025-04-03,AOG Spring 2025 GS1,SPN,BOX,"Qi,Sinestrea,Liliana,Teeri,TeeMee","Florentino,Yan,Raz,Valhein,Xeniel","Marja,Dolia,Omen,Mina","Billow,Bolt Baron,Fennik,Hayate",SPN
2025-04-03,AOG Spring 2025 GS1,SPN,BOX,"Florentino,Marja,Rouie,Violet,Enzo","Airi,Keera,Liliana,Teeri,TeeMee","Eland'orr,Dolia,Aoi,Murad","Billow,Valhein,Elsu,Fennik",BOX
2025-04-03,AOG Spring 2025 GS1,SPN,BOX,"Mina,Keera,Maloch,Wisp,Dolia","Yena,Bolt Baron,Natalya,Capheny,Roxie","Stuart,Raz,Liliana,Florentino","Valhein,Billow,Fennik,Hayate",BOX
2025-04-03,AOG Spring 2025 GS1,SPN,BOX,"Airi,Eland'orr,Raz,Stuart,Omega","Qi,Billow,Tulen,Hayate,Enzo","Valhein,Bolt Baron,Mina,Ryoma","Maloch,Marja,Murad,Omen",SPN
2025-03-30,AOG Spring 2025 GS1,1S,FL,"Skud,Tachi,Tulen,Hayate,TeeMee","Omen,Wonder Woman,Raz,Violet,Zip","Valhein,Florentino,Eland'orr,Bolt Baron","Billow,Maloch,Keera,Qi",FL
2025-03-30,AOG Spring 2025 GS1,1S,FL,"Airi,Aoi,Natalya,Slimz,Aleister","Kaine,Zuka,Maloch,Stuart,Dolia","Valhein,Eland'orr,Florentino,Qi","Billow,TeeMee,Grakk,Zip",FL
2025-03-30,AOG Spring 2025 GS1,1S,FL,"Biron,Yan,Iggy,Teeri,Toro","Riktor,Keera,Rouie,Slimz,TeeMee","Valhein,Maloch,Stuart,Murad","Billow,Hayate,Aoi,Yena",1S
2025-03-30,AOG Spring 2025 GS1,1S,FL,"Murad,Eland'orr,Wonder Woman,Rouie,Arduin","Ryoma,Marja,Ignis,Capheny,Helen","Valhein,Maloch,Mina,Krizzix","Billow,TeeMee,Stuart,Omen",FL
2025-03-30,AOG Spring 2025 GS1,1S,FL,"Roxie,Bolt Baron,Yue,Valhein,Enzo","Yena,Billow,Liliana,Fennik,Y'bneth","TeeMee,Stuart,Qi,Iggy","Maloch,Eland'orr,Raz,Keera",1S
2025-03-30,GCS 2025 Spring GS,ONE,FW,"Qi,Yan,Liliana,Marja,Toro","Charlotte,Aoi,Mganga,Fennik,Ming","Rouie,Raz,Omen,Florentino","Bolt Baron,TeeMee,Hayate,Maloch",FW
2025-03-30,GCS 2025 Spring GS,ONE,FW,"Billow,Eland'orr,Raz,Capheny,Krizzix","Qi,Zuka,Bonnie,Hayate,TeeMee","Rouie,Stuart,Marja,Aoi","Bolt Baron,Valhein,Omen,Airi",ONE
2025-03-30,GCS 2025 Spring GS,ONE,FW,"Florentino,Aoi,Ignis,Stuart,Enzo","Yena,Keera,Sephera,Valhein,Maloch","Rouie,Bolt Baron,Riktor,Qi","Billow,Marja,Natalya,Krixi",FW
2025-03-30,GCS 2025 Spring GS,ONE,FW,"Riktor,Keera,Rouie,Violet,Arduin","Skud,Yan,Ignis,Capheny,Wiro Sableng","Billow,Valhein,Marja,TeeMee","Bolt Baron,Stuart,Omen,Maloch",FW
2025-03-30,AOG Spring 2025 GS1,FPL,SGP,"Qi,Eland'orr,Ignis,Valhein,Thane","Marja,Wonder Woman,Rouie,Fennik,Arduin","Maloch,Stuart,Mina,Omen","TeeMee,Billow,Grakk,Ming",SGP
2025-03-30,AOG Spring 2025 GS1,FPL,SGP,"Airi,Fennik,Raz,Murad,Arduin","Qi,Billow,Dolia,Slimz,Alice","Bolt Baron,Enzo,Stuart,Omen","TeeMee,Marja,Roxie,Grakk",SGP
2025-03-30,AOG Spring 2025 GS1,FPL,SGP,"Bolt Baron,Zuka,Tulen,Capheny,Enzo","Yena,Keera,Raz,Hayate,TeeMee","Valhein,Maloch,Mina,Billow","Rouie,Marja,Ming,Eland'orr",SGP
2025-03-30,AOG Spring 2025 GS1,BSS,SPN,"Yena,Bolt Baron,Ignis,Hayate,Grakk","Qi,Eland'orr,Rouie,Stuart,TeeMee","Valhein,Raz,Florentino,Riktor","Billow,Maloch,Ryoma,Mina",SPN
2025-03-30,AOG Spring 2025 GS1,BSS,SPN,"Florentino,Zuka,Liliana,Valhein,Zip","Murad,Aoi,Maloch,Capheny,Dolia","Raz,Stuart,Fennik,Marja","Billow,Enzo,Eland'orr,Krixi",SPN
2025-03-30,AOG Spring 2025 GS1,BSS,SPN,"Marja,Nakroth,Raz,Capheny,TeeMee","Omen,Zephys,Natalya,Hayate,Enzo","Maloch,Stuart,Mina,Qi","Billow,Valhein,Florentino,Eland'orr",SPN
2025-03-30,GCS 2025 Spring GS,DCG,HKA,"Billow,Tachi,Tulen,Violet,Dolia","Riktor,Keera,Raz,Stuart,Omega","Bolt Baron,Rouie,Maloch,Keera","Marja,Eland'orr,Omen,Skud",DCG
2025-03-30,GCS 2025 Spring GS,DCG,HKA,"Bolt Baron,Murad,Iggy,Capheny,Ming","Omen,Errol,Alice,Eland'orr,Toro","Rouie,Valhein,Dolia,Maloch","Stuart,Billow,Mina,Roxie",HKA
2025-03-30,GCS 2025 Spring GS,DCG,HKA,"Qi,Zuka,Rouie,Fennik,Enzo","Marja,Nakroth,Liliana,Hayate,TeeMee","Bolt Baron,Keera,Raz,Florentino","Eland'orr,Billow,Omen,Capheny",DCG
2025-03-30,GCS 2025 Spring GS,DCG,HKA,"Biron,Yan,Raz,Valhein,Maloch","Qi,Aoi,Mganga,Capheny,Thane","TeeMee,Keera,Omen,Florentino","Rouie,Bolt Baron,Baldum,Roxie",HKA
2025-03-30,GCS 2025 Spring GS,DCG,HKA,"Yena,Keera,Liliana,Hayate,TeeMee","Billow,Fennik,Iggy,Elsu,Enzo","Bolt Baron,Marja,Valhein,Raz","Eland'orr,Stuart,Omen,Qi",DCG
2025-03-29,AOG Spring 2025 GS1,BOX,1S,"Ryoma,Bolt Baron,Liliana,Capheny,Zip","Qi,Eland'orr,Raz,Violet,Enzo","Stuart,Maloch,Murad,Tel'Annas","Valhein,TeeMee,Mina,Omen",1S
2025-03-29,AOG Spring 2025 GS1,BOX,1S,"Florentino,Errol,Ignis,Fennik,Krizzix","Yena,Billow,Rouie,Slimz,Arduin","Valhein,Bolt Baron,Hayate,Baldum","Maloch,Eland'orr,TeeMee,Yan",1S
2025-03-29,AOG Spring 2025 GS1,BOX,1S,"Murad,Billow,Raz,Stuart,Xeniel","Skud,Yan,Yue,Capheny,TeeMee","Bolt Baron,Valhein,Marja,Tulen","Enzo,Eland'orr,Baldum,Florentino",1S
2025-03-29,GCS 2025 Spring GS,BMG,FW,"Marja,Kriknak,Iggy,Capheny,Krizzix","Biron,Eland'orr,Liliana,Hayate,TeeMee","Bolt Baron,Raz,Rouie,Murad","Billow,Enzo,Omen,Florentino",BMG
2025-03-29,GCS 2025 Spring GS,BMG,FW,"Riktor,Ryoma,Rouie,Valhein,TeeMee","Yena,Marja,Natalya,Capheny,Y'bneth","Bolt Baron,Raz,Aoi,Keera","Billow,Eland'orr,Qi,Florentino",FW
2025-03-29,GCS 2025 Spring GS,BMG,FW,"Bolt Baron,Aoi,Liliana,Fennik,Omega","Qi,Nakroth,Ignis,Valhein,Enzo","Raz,Marja,Keera,Eland'orr","Billow,TeeMee,Omen,Florentino",BMG
2025-03-29,GCS 2025 Spring GS,BMG,FW,"Murad,Keera,Raz,Stuart,Maloch","Billow,Zuka,Iggy,Violet,Toro","Bolt Baron,TeeMee,Hayate,Elsu","Rouie,Marja,Valhein,Omen",BMG
2025-03-29,AOG Spring 2025 GS1,FL,TDT,"Roxie,Errol,Liliana,Capheny,Baldum","Omen,Billow,Mganga,Tel'Annas,Xeniel","Valhein,Maloch,Zip,Mina","TeeMee,Eland'orr,Qi,Murad",FL
2025-03-29,AOG Spring 2025 GS1,FL,TDT,"Ryoma,Aoi,Alice,Bolt Baron,Dolia","Zuka,Rourke,Iggy,Fennik,Thane","Maloch,Eland'orr,Elsu,Omen","Valhein,Billow,Qi,Capheny",TDT
2025-03-29,AOG Spring 2025 GS1,FL,TDT,"Riktor,Fennik,Rouie,Marja,Mina","Ryoma,Wonder Woman,Raz,Stuart,Enzo","Maloch,Eland'orr,Florentino,Ming","Valhein,Billow,Omen,Skud",FL
2025-03-29,AOG Spring 2025 GS1,FL,TDT,"Florentino,Keera,Ignis,Hayate,Y'bneth","Yena,Bolt Baron,Rouie,Violet,Wiro Sableng","Valhein,Billow,Capheny,Eland'orr","Maloch,TeeMee,Roxie,Qi",FL
2025-03-29,AOG Spring 2025 GS1,FL,TDT,"Yena,Sinestrea,Raz,Stuart,Enzo","Qi,Keera,Liliana,Hayate,TeeMee","Maloch,Eland'orr,Skud,Marja","Valhein,Billow,Bolt Baron,Aoi",TDT
2025-03-29,AOG Spring 2025 GS1,BSS,FPL,"Maloch,Aoi,Liliana,Slimz,Grakk","Marja,Zuka,Alice,Murad,Dolia","Billow,Enzo,Capheny,Florentino","Valhein,Stuart,Omen,Qi",BSS
2025-03-29,AOG Spring 2025 GS1,BSS,FPL,"Skud,Keera,Rouie,Hayate,Arduin","Yena,Eland'orr,Natalya,Violet,Krizzix","Billow,Raz,Enzo,Grakk","Valhein,Maloch,Mina,TeeMee",BSS
2025-03-29,AOG Spring 2025 GS1,BSS,FPL,"Riktor,Billow,Raz,Tel'Annas,Enzo","Skud,Fennik,Tulen,Hayate,TeeMee","Maloch,Stuart,Murad,Marja","Valhein,Bolt Baron,Capheny,Elsu",BSS
2025-03-29,GCS 2025 Spring GS,ANK,ONE,"Skud,Aoi,Maloch,Stuart,Dolia","Riktor,Eland'orr,Natalya,Capheny,Enzo","Marja,TeeMee,Florentino,Qi","Rouie,Valhein,Billow,Omen",ONE
2025-03-29,GCS 2025 Spring GS,ANK,ONE,"Marja,Zuka,Liliana,Capheny,Enzo","Billow,Keera,Raz,Hayate,Arduin","TeeMee,Maloch,Qi,Murad","Rouie,Valhein,Stuart,Eland'orr",ONE
2025-03-29,GCS 2025 Spring GS,ANK,ONE,"Biron,Fennik,Raz,Hayate,TeeMee","Bolt Baron,Nakroth,Tulen,Stuart,Toro","Rouie,Marja,Eland'orr,Iggy","Billow,Valhein,Omen,Qi",ONE
2025-03-28,AOG Spring 2025 GS1,FL,BOX,"Qi,Bolt Baron,Liliana,Murad,Zip","Airi,Marja,Maloch,Capheny,Ming","Billow,Enzo,Rouie,Alice","Valhein,TeeMee,Stuart,Tel'Annas",FL
2025-03-28,AOG Spring 2025 GS1,FL,BOX,"Riktor,Aoi,Alice,Hayate,Raz","Florentino,Yan,Tulen,Stuart,Dolia","Billow,Maloch,Zuka,Omen","Valhein,Bolt Baron,Murad,Fennik",FL
2025-03-28,AOG Spring 2025 GS1,FL,BOX,"Skud,Marja,Rouie,Capheny,Arduin","Yena,Fennik,Ignis,Mina,TeeMee","Bolt Baron,Billow,Stuart,Eland'orr","Valhein,Maloch,Omen,Florentino",FL
2025-03-28,AOG Spring 2025 GS1,FL,BOX,"Roxie,Billow,Ignis,Elsu,Enzo","Qi,Errol,Raz,Valhein,Zip","Bolt Baron,Marja,Eland'orr,Wonder Woman","Maloch,Stuart,Diao Chan,Florentino",BOX
2025-03-28,AOG Spring 2025 GS1,TDT,SGP,"Florentino,Zuka,Illumia,Fennik,Thane","Riktor,Aoi,Krixi,Violet,Ming","Valhein,Enzo,Airi,Qi","Billow,Hayate,Rouie,Yue",SGP
2025-03-28,AOG Spring 2025 GS1,TDT,SGP,"Yena,Keera,Natalya,Stuart,Dolia","Skud,Bolt Baron,Liliana,Hayate,Maloch","Valhein,Enzo,Alice,Omen","Billow,Rouie,Sephera,Kahlii",SGP
2025-03-28,AOG Spring 2025 GS1,TDT,SGP,"Skud,Eland'orr,Liliana,Capheny,TeeMee","Ryoma,Marja,Raz,Stuart,Arduin","Valhein,Enzo,Dolia,Ming","Rouie,Billow,Hayate,Omen",TDT
2025-03-28,AOG Spring 2025 GS1,TDT,SGP,"Qi,Marja,Iggy,Valhein,Grakk","Florentino,Billow,Ignis,Fennik,Y'bneth","Maloch,Raz,Omen,Xeniel","Rouie,TeeMee,Zip,Enzo",SGP
2025-03-28,AOG Spring 2025 GS1,TDT,SGP,"Mina,Bolt Baron,Raz,Violet,Ming","Yena,Wonder Woman,Rouie,Capheny,TeeMee","Valhein,Billow,Florentino,Marja","Stuart,Eland'orr,Enzo,Hayate",TDT
2025-03-28,AOG Spring 2025 GS1,SPN,1S,"Kaine,Marja,Tulen,Capheny,Omega","Qi,Eland'orr,Raz,Tel'Annas,Baldum","Rouie,Valhein,Stuart,Zip","Billow,TeeMee,Hayate,Roxie",SPN
2025-03-28,AOG Spring 2025 GS1,SPN,1S,"Mina,Ryoma,Liliana,Wisp,Krizzix","Riktor,Murad,Violet,Marja,Ming","Valhein,Rouie,Raz,Aoi","Billow,TeeMee,Keera,Hayate",SPN
2025-03-28,AOG Spring 2025 GS1,SPN,1S,"Omen,Enzo,Rouie,Stuart,Toro","Yena,Keera,Diao Chan,Slimz,TeeMee","Raz,Valhein,Skud,Florentino","Bolt Baron,Marja,Arduin,Murad",1S
2025-03-28,AOG Spring 2025 GS1,SPN,1S,"Qi,Eland'orr,Raz,Valhein,Zip","Maloch,Billow,Tulen,Fennik,Mina","Stuart,Rouie,Dolia,Alice","Bolt Baron,Enzo,Murad,Florentino",1S
2025-03-28,AOG Spring 2025 GS1,SPN,1S,"Airi,Aoi,Maloch,Lindis,Dolia","Bolt Baron,Yan,Natalya,Hayate,Grakk","Rouie,Raz,Enzo,Roxie","Billow,Eland'orr,Omen,Florentino",SPN
2025-03-27,AOG Spring 2025 GS1,BSS,TDT,"Florentino,Marja,Raz,Fennik,Grakk","Qi,Keera,Rouie,Hayate,Wiro Sableng","TeeMee,Billow,Arduin,Omega","Valhein,Maloch,Enzo,Krizzix",TDT
2025-03-27,AOG Spring 2025 GS1,BSS,TDT,"Bolt Baron,Ryoma,Krixi,Hayate,TeeMee","Riktor,Eland'orr,Raz,Stuart,Dolia","Maloch,Marja,Enzo,Ming","Valhein,Billow,Liliana,Mina",TDT
2025-03-27,AOG Spring 2025 GS1,BSS,TDT,"Yena,Wonder Woman,Rouie,Stuart,Arduin","Skud,Bolt Baron,Natalya,Valhein,Aleister","Billow,TeeMee,Qi,Florentino","Maloch,Raz,Aoi,Keera",TDT
2025-03-27,AOG Spring 2025 GS1,BOX,FPL,"Florentino,Keera,Iggy,Stuart,Dolia","Airi,Zuka,Liliana,Hayate,TeeMee","Maloch,Rouie,Murad,Billow","Valhein,Raz,Ming,Enzo",FPL
2025-03-27,AOG Spring 2025 GS1,BOX,FPL,"Bolt Baron,Aoi,Liliana,Fennik,TeeMee","Marja,Wonder Woman,Diao Chan,Stuart,Enzo","Valhein,Raz,Hayate,Qi","Maloch,Rouie,Yue,Murad",FPL
2025-03-27,AOG Spring 2025 GS1,BOX,FPL,"Biron,Billow,Rouie,Capheny,Omega","Yena,Bolt Baron,Raz,Fennik,Krizzix","Valhein,TeeMee,Mina,Stuart","Maloch,Enzo,Marja,Qi",FPL
2025-03-23,AOG Spring 2025 GS1,SGP,1S,"Skud,Yan,Rouie,Fennik,Arduin","Florentino,Aoi,Natalya,Valhein,Omega","Billow,Marja,Roxie,Ming","Eland'orr,Bolt Baron,Zuka,Omen",1S
2025-03-23,AOG Spring 2025 GS1,SGP,1S,"Riktor,Billow,Tulen,Violet,Xeniel","Yena,Keera,Raz,Slimz,TeeMee","Stuart,Marja,Omen,Roxie","Valhein,Enzo,Zip,Skud",1S
2025-03-23,AOG Spring 2025 GS1,SGP,1S,"Marja,Wonder Woman,Liliana,Stuart,Ming","Qi,Bolt Baron,Diao Chan,Hayate,Enzo","Valhein,Rouie,Murad,Natalya","TeeMee,Maloch,Arduin,Omen",1S
2025-03-23,RPL 2025 Summer - GS,TLN,PSG,"Florentino,Zuka,Illumia,Tel'Annas,Grakk","Murad,Bolt Baron,Aleister,Eland'orr,Dolia","Rouie,Maloch,Zata,Hayate","Valhein,Marja,Krixi,Liliana",PSG
2025-03-23,RPL 2025 Summer - GS,TLN,PSG,"Yena,Bolt Baron,Natalya,Fennik,Baldum","Skud,Aoi,Liliana,Valhein,Roxie","Rouie,Enzo,Murad,Qi","Marja,Maloch,Florentino,Grakk",PSG
2025-03-23,RPL 2025 Summer - GS,TLN,PSG,"Omen,Eland'orr,Tulen,Elsu,TeeMee","Ryoma,Billow,Iggy,Stuart,Y'bneth","Valhein,Bolt Baron,Rouie,Dolia","Marja,Maloch,Raz,Murad",TLN
2025-03-23,RPL 2025 Summer - GS,TLN,PSG,"Skud,Keera,Rouie,Stuart,Arduin","Xeniel,Zuka,Ignis,Capheny,Ming","Maloch,Billow,Florentino,TeeMee","Valhein,Bolt Baron,Mina,Omen",TLN
2025-03-23,RPL 2025 Summer - GS,TLN,PSG,"Qi,Billow,Ignis,Capheny,Enzo","Yena,Marja,Raz,Fennik,Mina","Maloch,Rouie,Arduin,Stuart","Valhein,Bolt Baron,Florentino,Iggy",PSG
2025-03-23,GCS 2025 Spring GS,DCG,BMG,"Biron,Keera,Iggy,Valhein,Baldum","Bolt Baron,Murad,Liliana,Fennik,Thane","Rouie,Eland'orr,Enzo,Skud","Marja,Maloch,Florentino,Omen",BMG
2025-03-23,GCS 2025 Spring GS,DCG,BMG,"Yena,Errol,Rouie,Capheny,Thane","Riktor,Billow,Raz,Stuart,Roxie","Valhein,Bolt Baron,Florentino,Enzo","Marja,Keera,Omen,Murad",BMG
2025-03-23,GCS 2025 Spring GS,DCG,BMG,"Qi,Nakroth,Raz,Stuart,Enzo","Biron,Keera,Tulen,Hayate,Arduin","Valhein,Bolt Baron,Skud,Riktor","Marja,Rouie,Omen,Florentino",DCG
2025-03-23,GCS 2025 Spring GS,DCG,BMG,"Airi,Billow,Alice,Fennik,Dolia","Qi,Aoi,Mganga,Elsu,Toro","Bolt Baron,Valhein,Stuart,Capheny","Marja,Rouie,Florentino,Omen",DCG
2025-03-23,GCS 2025 Spring GS,DCG,BMG,"Riktor,Eland'orr,Liliana,Hayate,TeeMee","Marja,Ryoma,Iggy,Violet,Toro","Bolt Baron,Valhein,Elsu,Stuart","Maloch,Rouie,Omen,Qi",BMG
2025-03-23,AOG Spring 2025 GS1,SPN,FL,"Ryoma,Aoi,Iggy,Capheny,Helen","Yena,Marja,Rouie,Murad,Krizzix","Valhein,Maloch,Omen,Arduin","Billow,Florentino,Ming,Zip",FL
2025-03-23,AOG Spring 2025 GS1,SPN,FL,"Yena,Enzo,Raz,Hayate,Krizzix","Mina,Keera,Tulen,Capheny,Lumburr","Maloch,TeeMee,Zip,Ming","Valhein,Billow,Marja,Florentino",FL
2025-03-23,AOG Spring 2025 GS1,SPN,FL,"Qi,Bolt Baron,Maloch,Fennik,Dolia","Florentino,Aoi,Natalya,Stuart,Enzo","Valhein,Marja,Raz,Keera","Hayate,Eland'orr,Murad,Tulen",SPN
2025-03-23,AOG Spring 2025 GS1,SPN,FL,"Airi,Keera,Veera,Stuart,TeeMee","Bolt Baron,Billow,Liliana,Hayate,Xeniel","Valhein,Marja,Omen,Yena","Maloch,Eland'orr,Florentino,Raz",FL
2025-03-23,RPL 2025 Summer - GS,BRU,BAC,"Skud,Yan,Rouie,Fennik,Y'bneth","Zanis,Keera,Natalya,Capheny,Roxie","Eland'orr,Maloch,Grakk,Ming","Valhein,Raz,Tel'Annas,Yena",BRU
2025-03-23,RPL 2025 Summer - GS,BRU,BAC,"Marja,Keera,Sephera,Violet,Dolia","Yena,Zuka,Ignis,Bolt Baron,Xeniel","Valhein,Rouie,Y'bneth,Eland'orr","Maloch,Raz,Ming,Zip",BAC
2025-03-23,RPL 2025 Summer - GS,BRU,BAC,"Qi,Eland'orr,Liliana,Capheny,Arduin","Ryoma,Marja,Iggy,Celica,Enzo","Valhein,Rouie,Mina,Tel'Annas","Maloch,Raz,Murad,Zip",BRU
2025-03-23,RPL 2025 Summer - GS,BRU,BAC,"Bolt Baron,Zuka,Mganga,Stuart,TeeMee","Florentino,Billow,Raz,Hayate,Baldum","Eland'orr,Maloch,Enzo,Dolia","Valhein,Marja,Liliana,Omen",BAC
2025-03-23,RPL 2025 Summer - GS,BRU,BAC,"Florentino,Billow,Iggy,Hayate,Enzo","Qi,Fennik,Tulen,Stuart,TeeMee","Eland'orr,Maloch,Omen,Raz","Valhein,Marja,Liliana,Skud",BRU
2025-03-23,AOG Spring 2025 GS1,BOX,BSS,"Airi,Zill,Liliana,Stuart,Wiro Sableng","Florentino,Keera,Raz,Elsu,Grakk","Bolt Baron,Valhein,Hayate,Fennik","Billow,Marja,Eland'orr,Nakroth",BOX
2025-03-23,AOG Spring 2025 GS1,BOX,BSS,"Murad,Aoi,Rouie,Hayate,Roxie","Omen,Marja,Maloch,Capheny,Dolia","Bolt Baron,Stuart,Keera,Eland'orr","TeeMee,Valhein,Billow,Qi",BOX
2025-03-23,AOG Spring 2025 GS1,BOX,BSS,"Bolt Baron,Fennik,Raz,Mina,Enzo","Yena,Billow,Tulen,Violet,TeeMee","Valhein,Stuart,Florentino,Murad","Maloch,Rouie,Marja,Eland'orr",BOX
2025-03-23,GCS 2025 Spring GS,HKA,ONE,"Florentino,Zuka,Mganga,Violet,Toro","Yan,Aoi,Rouie,Stuart,Arduin","Valhein,Marja,Airi,Murad","Bolt Baron,Billow,Natalya,Ignis",ONE
2025-03-23,GCS 2025 Spring GS,HKA,ONE,"Skud,Aoi,Liliana,Stuart,Omega","Riktor,Keera,Iggy,Violet,TeeMee","Rouie,Maloch,Mganga,Raz","Billow,Bolt Baron,Omen,Marja",ONE
2025-03-23,GCS 2025 Spring GS,HKA,ONE,"Yena,Nakroth,Alice,Eland'orr,Maloch","Qi,Billow,Yue,Hayate,Enzo","TeeMee,Valhein,Raz,Natalya","Rouie,Bolt Baron,Stuart,Keera",ONE
2025-03-23,GCS 2025 Spring GS,HKA,ONE,"Biron,Fennik,Raz,Hayate,TeeMee","Bolt Baron,Nakroth,Liliana,Elsu,Toro","Rouie,Valhein,Iggy,Eland'orr","Maloch,Stuart,Omen,Billow",HKA
2025-03-23,RPL 2025 Summer - GS,KOG,FS,"Skud,Keera,Ignis,Fennik,Y'bneth","Ryoma,Nakroth,Raz,Valhein,Ming","Billow,Marja,Aoi,Mina","Eland'orr,Stuart,Florentino,Omen",FS
2025-03-23,RPL 2025 Summer - GS,KOG,FS,"Qi,Bolt Baron,Rouie,Tel'Annas,Mina","Florentino,Eland'orr,Mganga,Hayate,Arduin","Billow,Raz,Ignis,Natalya","Valhein,Stuart,Murad,Marja",FS
2025-03-23,RPL 2025 Summer - GS,KOG,FS,"Yena,Aoi,Maloch,Capheny,TeeMee","Riktor,Keera,Alice,Violet,Dolia","Billow,Raz,Florentino,Mina","Valhein,Rouie,Eland'orr,Bolt Baron",KOG
2025-03-23,RPL 2025 Summer - GS,KOG,FS,"Ryoma,Billow,Iggy,Hayate,Enzo","Yena,Bolt Baron,Liliana,Stuart,TeeMee","Maloch,Eland'orr,Omen,Rouie","Valhein,Marja,Raz,Qi",FS
2025-03-22,AOG Spring 2025 GS1,SPN,SGP,"Omen,Eland'orr,Liliana,Stuart,Helen","Qi,Keera,Iggy,Hayate,Roxie","Billow,Valhein,Mina,Tel'Annas","Rouie,Marja,Florentino,Ming",SGP
2025-03-22,AOG Spring 2025 GS1,SPN,SGP,"Airi,Aoi,Raz,Hayate,TeeMee","Bolt Baron,Zuka,Liliana,Violet,Enzo","Valhein,Billow,Ming,Qi","Rouie,Marja,Murad,Omen",SGP
2025-03-22,AOG Spring 2025 GS1,SPN,SGP,"Qi,Billow,Alice,Slimz,Dolia","Skud,Volkath,Rouie,Fennik,Maloch","Enzo,Stuart,Valhein,Keera","TeeMee,Raz,Florentino,Hayate",SPN
2025-03-22,AOG Spring 2025 GS1,SPN,SGP,"Riktor,Ryoma,Iggy,Elsu,Enzo","Yena,Marja,Raz,Capheny,TeeMee","Valhein,Stuart,Aoi,Skud","Maloch,Billow,Omen,Qi",SGP
2025-03-22,RPL 2025 Summer - GS,BRU,eA,"Murad,Bolt Baron,Liliana,Stuart,Zip","Skud,Billow,Rouie,Hayate,Thane","Maloch,Marja,Arduin,Omen","Valhein,Eland'orr,Florentino,Qi",eA
2025-03-22,RPL 2025 Summer - GS,BRU,eA,"Riktor,Yan,Maloch,Fennik,Dolia","Airi,Zuka,Natalya,Valhein,Roxie","Marja,Billow,Florentino,Murad","Eland'orr,Stuart,Omen,Alice",eA
2025-03-22,RPL 2025 Summer - GS,BRU,eA,"Marja,Nakroth,Raz,Hayate,TeeMee","Yena,Eland'orr,Iggy,Elsu,Mina","Maloch,Billow,Omen,Murad","Valhein,Stuart,Qi,Ryoma",BRU
2025-03-22,RPL 2025 Summer - GS,BRU,eA,"Yena,Keera,Rouie,Capheny,Arduin","Qi,Bolt Baron,Lorion,Tel'Annas,Enzo","Maloch,Billow,Florentino,Mina","Valhein,Marja,Omen,Riktor",eA
2025-03-22,RPL 2025 Summer - GS,BRU,eA,"Skud,Billow,Illumia,Violet,Enzo","Riktor,Keera,Raz,Stuart,TeeMee","Maloch,Eland'orr,Omen,Florentino","Valhein,Marja,Mganga,Natalya",BRU
2025-03-22,GCS 2025 Spring GS,BMG,ANK,"Qi,Marja,Mganga,Valhein,TeeMee","Ryoma,Veres,Liliana,Stuart,Thane","Billow,Maloch,Omen,Florentino","Rouie,Bolt Baron,Enzo,Ming",ANK
2025-03-22,GCS 2025 Spring GS,BMG,ANK,"Airi,Billow,Liliana,Stuart,Dolia","Qi,Keera,Ignis,Hayate,Arduin","Bolt Baron,Rouie,Mganga,Yue","Maloch,Marja,TeeMee,Florentino",ANK
2025-03-22,GCS 2025 Spring GS,BMG,ANK,"Omen,Aoi,Iggy,Violet,Arduin","Marja,Zuka,Raz,Capheny,Enzo","Bolt Baron,Rouie,Hayate,Stuart","Maloch,Valhein,Qi,Murad",ANK
2025-03-22,AOG Spring 2025 GS1,1S,TDT,"Roxie,Bolt Baron,Liliana,Tel'Annas,Y'bneth","Qi,Billow,Roxie,Violet,TeeMee","Maloch,Marja,Elsu,Omen","Valhein,Stuart,Capheny,Zip",TDT
2025-03-22,AOG Spring 2025 GS1,1S,TDT,"Biron,Marja,Raz,Teeri,Baldum","Ryoma,Eland'orr,Liliana,Hayate,Mina","Maloch,TeeMee,Enzo,Qi","Valhein,Stuart,Tel'Annas,Violet",TDT
2025-03-22,AOG Spring 2025 GS1,1S,TDT,"Qi,Keera,Natalya,Slimz,Enzo","Skud,Bolt Baron,Iggy,Fennik,Wiro Sableng","Marja,TeeMee,Elsu,Hayate","Valhein,Raz,Tulen,Liliana",1S
2025-03-22,AOG Spring 2025 GS1,1S,TDT,"Ryoma,Sephera,Dolia,Erin,Maloch","Murad,Keera,Raz,Stuart,Roxie","Marja,Enzo,Florentino,Hayate","Valhein,Bolt Baron,Capheny,Violet",TDT
2025-03-22,AOG Spring 2025 GS1,1S,TDT,"Skud,Billow,Fennik,Rouie,TeeMee","Yena,Yan,Diao Chan,Valhein,Ming","Marja,Raz,Roxie,Qi","Maloch,Enzo,Stuart,Violet",1S
2025-03-22,RPL 2025 Summer - GS,PSG,FS,"Mina,Marja,Mganga,Capheny,Ming","Qi,Sephera,Rouie,Fennik,Baldum","Bolt Baron,Billow,Murad,Enzo","Valhein,Grakk,Dirak,Florentino",FS
2025-03-22,RPL 2025 Summer - GS,PSG,FS,"Omen,Aoi,Rouie,Fennik,Y'bneth","Riktor,Eland'orr,Ignis,Valhein,Zip","Bolt Baron,Billow,Roxie,Yena","Marja,Grakk,Qi,Mina",FS
2025-03-22,RPL 2025 Summer - GS,PSG,FS,"Ryoma,Billow,Raz,Stuart,Arduin","Florentino,Wonder Woman,Iggy,Elsu,Thane","Bolt Baron,Enzo,Skud,Qi","Valhein,Rouie,TeeMee,Grakk",PSG
2025-03-22,RPL 2025 Summer - GS,PSG,FS,"Murad,Zuka,Alice,Eland'orr,Dolia","Ryoma,Aoi,Liliana,Hayate,Maloch","Valhein,Bolt Baron,Enzo,Qi","Billow,Rouie,Stuart,Marja",PSG
2025-03-22,RPL 2025 Summer - GS,PSG,FS,"Yena,Bolt Baron,Krixi,Hayate,Enzo","Marja,Keera,Raz,Stuart,TeeMee","Maloch,Billow,Omen,Qi","Valhein,Rouie,Liliana,Iggy",FS
2025-03-22,AOG Spring 2025 GS1,FPL,FL,"Roxie,Keera,Yue,Capheny,Enzo","Murad,Billow,Liliana,Violet,Arduin","Bolt Baron,Marja,Hayate,Elsu","Maloch,Valhein,Stuart,Omen",FL
2025-03-22,AOG Spring 2025 GS1,FPL,FL,"Qi,Billow,Raz,Fennik,Krizzix","Skud,Wonder Woman,Rouie,Valhein,Y'bneth","Eland'orr,Marja,Omen,TeeMee","Bolt Baron,Enzo,Florentino,Grakk",FL
2025-03-22,AOG Spring 2025 GS1,FPL,FL,"Skud,Marja,Tulen,Hayate,TeeMee","Yena,Keera,Raz,Stuart,Enzo","Valhein,Bolt Baron,Eland'orr,Qi","Maloch,Billow,Florentino,Omen",FL
2025-03-22,GCS 2025 Spring GS,FW,DCG,"Marja,Yan,Mganga,Valhein,Arduin","Bolt Baron,Aoi,Liliana,Stuart,Y'bneth","TeeMee,Billow,Dolia,Raz","Rouie,Maloch,Ming,Krizzix",FW
2025-03-22,GCS 2025 Spring GS,FW,DCG,"Billow,Nakroth,Natalya,Violet,Xeniel","Florentino,Fennik,Rouie,Ryoma,Omega","TeeMee,Stuart,Omen,Valhein","Bolt Baron,Marja,Enzo,Ming",FW
2025-03-22,GCS 2025 Spring GS,FW,DCG,"Yena,Eland'orr,Raz,Stuart,TeeMee","Biron,Keera,Krixi,Violet,Enzo","Billow,Rouie,Qi,Marja","Bolt Baron,Valhein,Iggy,Yue",FW
2025-03-22,GCS 2025 Spring GS,FW,DCG,"Qi,Zuka,Zata,Hayate,Thane","Riktor,Eland'orr,Alice,Capheny,Maloch","TeeMee,Valhein,Stuart,Omen","Rouie,Enzo,Murad,Ryoma",DCG
2025-03-22,RPL 2025 Summer - GS,HD,TLN,"Qi,Yan,Yue,Capheny,TeeMee","Omen,Billow,Ignis,Stuart,Arduin","Valhein,Maloch,Mina,Dolia","Bolt Baron,Florentino,Eland'orr,Diao Chan",TLN
2025-03-22,RPL 2025 Summer - GS,HD,TLN,"Charlotte,Fennik,Iggy,Hayate,Grakk","Riktor,Bolt Baron,Liliana,Tel'Annas,Zip","Rouie,Valhein,Ignis,Florentino","Maloch,TeeMee,Murad,Qi",TLN
2025-03-22,RPL 2025 Summer - GS,HD,TLN,"Riktor,Keera,Rouie,Tel'Annas,Enzo","Yena,Fennik,Raz,Capheny,Grakk","Maloch,Billow,Marja,Krizzix","Valhein,Bolt Baron,Omen,Qi",HD
2025-03-22,RPL 2025 Summer - GS,HD,TLN,"Skud,Billow,Liliana,Violet,Arduin","Qi,Eland'orr,Natalya,Hayate,Enzo","Maloch,Rouie,Omen,Stuart","Valhein,Bolt Baron,Mina,Ryoma",TLN
2025-03-22,RPL 2025 Summer - GS,HD,TLN,"Yena,Marja,Raz,Stuart,Y'bneth","Ryoma,Keera,Tulen,Violet,TeeMee","Maloch,Bolt Baron,Skud,Florentino","Valhein,Billow,Dolia,Enzo",HD
2025-03-21,RPL 2025 Summer - GS,eA,BAC,"Yena,Zuka,Rouie,Tel'Annas,Krizzix","Qi,Lu Bu,Yue,Capheny,Xeniel","Valhein,Billow,Zip,Keera","Bolt Baron,Maloch,Eland'orr,Bright",eA
2025-03-21,RPL 2025 Summer - GS,eA,BAC,"Qi,Fennik,Raz,Capheny,Mina","Skud,Eland'orr,Rouie,Marja,Toro","Valhein,Stuart,Mganga,Florentino","Maloch,Bolt Baron,Murad,Krizzix",eA
2025-03-21,RPL 2025 Summer - GS,eA,BAC,"Skud,Keera,Tulen,Valhein,Ming","Ryoma,Sephera,Raz,Fennik,TeeMee","Billow,Marja,Florentino,Eland'orr","Bolt Baron,Maloch,Krizzix,Aleister",BAC
2025-03-21,RPL 2025 Summer - GS,eA,BAC,"Riktor,Marja,Liliana,Hayate,Arduin","Yena,Bolt Baron,Ignis,Tel'Annas,Enzo","Billow,Valhein,Capheny,Qi","Eland'orr,Maloch,Murad,Florentino",BAC
2025-03-21,RPL 2025 Summer - GS,eA,BAC,"Airi,Billow,Iggy,Stuart,TeeMee","Omen,Volkath,Maloch,Violet,Dolia","Eland'orr,Hayate,Keera,Alice","Bolt Baron,Marja,Florentino,Roxie",eA
2025-03-16,RPL 2025 Summer - GS,TLN,BAC,"Mina,Fennik,Ignis,Murad,TeeMee","Qi,Eland'orr,Yue,Valhein,Grakk","Marja,Rouie,Maloch,Ming","Raz,Bolt Baron,Stuart,Keera",BAC
2025-03-16,RPL 2025 Summer - GS,TLN,BAC,"Florentino,Nakroth,Yue,Valhein,Aya","Murad,Zuka,Tulen,Fennik,Enzo","Maloch,Billow,Eland'orr,Diao Chan","Bolt Baron,Rouie,Grakk,Helen",BAC
2025-03-16,RPL 2025 Summer - GS,TLN,BAC,"Superman,Billow,Maloch,Tel'Annas,Alice","Roxie,Keera,Raz,Capheny,Zip","Marja,Valhein,Grakk,Enzo","Bolt Baron,Fennik,Ryoma,Hayate",TLN
2025-03-16,RPL 2025 Summer - GS,TLN,BAC,"Riktor,Marja,Diao Chan,Capheny,Ming","Skud,Bolt Baron,Iggy,Celica,TeeMee","Eland'orr,Hayate,Stuart,Murad","Valhein,Maloch,Rouie,Raz",BAC
2025-03-16,GCS 2025 Spring GS,ONE,ANK,"Riktor,Aoi,Rouie,Fennik,Wiro Sableng","Biron,Keera,Ignis,Stuart,Omega","Marja,Billow,Murad,Florentino","Bolt Baron,TeeMee,Omen,Maloch",ONE
2025-03-16,GCS 2025 Spring GS,ONE,ANK,"Qi,Billow,Mganga,Hayate,Y'bneth","Yena,Wonder Woman,Raz,Capheny,TeeMee","Valhein,Rouie,Marja,Eland'orr","Maloch,Bolt Baron,Florentino,Omen",ONE
2025-03-16,GCS 2025 Spring GS,ONE,ANK,"Marja,Eland'orr,Liliana,Valhein,Toro","Qi,Bolt Baron,Natalya,Fennik,Enzo","Rouie,TeeMee,Iggy,Raz","Maloch,Stuart,Florentino,Omen",ONE
2025-03-16,RPL 2025 Summer - GS,KOG,HD,"Skud,Eland'orr,Ignis,Fennik,TeeMee","Riktor,Marja,Iggy,Valhein,Arduin","Billow,Rouie,Ming,Y'bneth","Stuart,Florentino,Enzo,Aoi",KOG
2025-03-16,RPL 2025 Summer - GS,KOG,HD,"Qi,Billow,Liliana,Violet,Y'bneth","Florentino,Bolt Baron,Mganga,Fennik,Enzo","Maloch,Rouie,Roxie,Omen","Valhein,Stuart,Krizzix,TeeMee",KOG
2025-03-16,RPL 2025 Summer - GS,KOG,HD,"Omen,Keera,Maloch,Capheny,Dolia","Skud,Eland'orr,Liliana,Hayate,Alice","Rouie,Marja,Florentino,Roxie","Valhein,Billow,Bolt Baron,Mina",KOG
2025-03-16,RPL 2025 Summer - GS,KOG,HD,"Yena,Marja,Rouie,Hayate,Arduin","Ryoma,Keera,Raz,Stuart,TeeMee","Maloch,Eland'orr,Enzo,Qi","Valhein,Billow,Omen,Bolt Baron",HD
2025-03-16,GCS 2025 Spring GS,BMG,HKA,"Marja,Aoi,Iggy,Stuart,Baldum","Billow,Keera,Liliana,Violet,TeeMee","Eland'orr,Valhein,Raz,Capheny","Rouie,Bolt Baron,Omen,Qi",HKA
2025-03-16,GCS 2025 Spring GS,BMG,HKA,"Billow,Kriknak,Maloch,Capheny,Dolia","Omen,Errol,Rouie,Hayate,Roxie","Bolt Baron,Marja,Keera,Aoi","Eland'orr,Fennik,Qi,Florentino",HKA
2025-03-16,GCS 2025 Spring GS,BMG,HKA,"Biron,Keera,Raz,Valhein,Krizzix","Yena,Nakroth,Alice,Fennik,Maloch","Bolt Baron,Marja,Aoi,Zill","Eland'orr,Enzo,Omen,Qi",HKA
2025-03-16,RPL 2025 Summer - GS,PSG,eA,"Yena,Billow,Zata,Violet,Omega","Qi,Fennik,Aleister,Murad,Arduin","Bolt Baron,Eland'orr,Rouie,Ignis","Valhein,TeeMee,Xeniel,Ming",eA
2025-03-16,RPL 2025 Summer - GS,PSG,eA,"Mina,Keera,Natalya,Hayate,Thane","Riktor,Zuka,Iggy,Capheny,Krizzix","Bolt Baron,Rouie,Yena,Qi","Valhein,Billow,Elsu,Grakk",eA
2025-03-16,RPL 2025 Summer - GS,PSG,eA,"Florentino,Marja,Ignis,Stuart,Enzo","Hayate,Ryoma,Alice,Valhein,Maloch","Dolia,Bolt Baron,Airi,Murad","Billow,Eland'orr,Raz,Roxie",PSG
2025-03-16,RPL 2025 Summer - GS,PSG,eA,"Omen,Bolt Baron,Rouie,Capheny,Y'bneth","Marja,Keera,Raz,Tel'Annas,TeeMee","Valhein,Maloch,Mina,Yena","Billow,Eland'orr,Stuart,Hayate",PSG
2025-03-16,RPL 2025 Summer - GS,PSG,eA,"Qi,Zill,Maloch,Fennik,Dolia","Florentino,Billow,Liliana,Stuart,Roxie","Eland'orr,Bolt Baron,Raz,Lauriel","Valhein,Marja,Alice,Hayate",eA
2025-03-15,RPL 2025 Summer - GS,BAC,FS,"Murad,Sephera,Natalya,Stuart,Maloch","Florentino,Keera,Rouie,Valhein,Roxie","Bolt Baron,Marja,Ming,Aleister","Billow,Eland'orr,Alice,Raz",FS
2025-03-15,RPL 2025 Summer - GS,BAC,FS,"Omen,Fennik,Liliana,Marja,Rouie","Yena,Eland'orr,Raz,Hayate,TeeMee","Bolt Baron,Maloch,Florentino,Roxie","Billow,Valhein,Bonnie,Mina",FS
2025-03-15,RPL 2025 Summer - GS,BAC,FS,"Skud,Bolt Baron,Diao Chan,Capheny,Enzo","Qi,Billow,Liliana,Stuart,Arduin","Maloch,Raz,Marja,Murad","Valhein,Rouie,Roxie,Florentino",FS
2025-03-15,GCS 2025 Spring GS,FW,ONE,"Biron,Billow,Illumia,Hayate,Maloch","Airi,Aoi,Tulen,Capheny,TeeMee","Rouie,Bolt Baron,Raz,Alice","Marja,Valhein,Omen,Mina",FW
2025-03-15,GCS 2025 Spring GS,FW,ONE,"Yena,Zill,Yue,Stuart,Enzo","Riktor,Keera,Liliana,Elsu,Maloch","Bolt Baron,Billow,Alice,Florentino","Rouie,TeeMee,Iggy,Raz",FW
2025-03-15,GCS 2025 Spring GS,FW,ONE,"Qi,Bolt Baron,Ignis,Fennik,Y'bneth","Marja,Eland'orr,Iggy,Valhein,Baldum","TeeMee,Rouie,Roxie,Thane","Maloch,Stuart,Enzo,Omen",FW
2025-03-15,RPL 2025 Summer - GS,BRU,PSG,"Charlotte,Billow,Ignis,Stuart,Wiro Sableng","Skud,Keera,Raz,Valhein,Arum","Marja,Maloch,Zata,Liliana","Enzo,Fennik,Dolia,Florentino",BRU
2025-03-15,RPL 2025 Summer - GS,BRU,PSG,"Qi,Eland'orr,Maloch,Hayate,Alice","Yena,Aoi,Yue,Stuart,Dolia","Valhein,Billow,Raz,Zata","Enzo,Rouie,Bolt Baron,Skud",BRU
2025-03-15,RPL 2025 Summer - GS,BRU,PSG,"Marja,Keera,Raz,Violet,TeeMee","Ryoma,Bolt Baron,Rouie,Fennik,Omega","Maloch,Dolia,Omen,Qi","Valhein,Enzo,Billow,Capheny",BRU
2025-03-15,GCS 2025 Spring GS,HKA,DCG,"Bolt Baron,Zuka,Raz,Teeri,TeeMee","Marja,Wonder Woman,Bonnie,Eland'orr,Toro","Maloch,Stuart,Omen,Fennik","Rouie,Valhein,Hayate,Violet",HKA
2025-03-15,GCS 2025 Spring GS,HKA,DCG,"Airi,Keera,Ignis,Stuart,Thane","Qi,Billow,Iggy,Erin,Arduin","Bolt Baron,Marja,Elsu,Violet","Rouie,Eland'orr,Florentino,Omen",HKA
2025-03-15,GCS 2025 Spring GS,HKA,DCG,"Riktor,Fennik,Alice,Slimz,Maloch","Yena,Yan,Rouie,Hayate,Roxie","Eland'orr,Billow,Omen,Aoi","Bolt Baron,Marja,Valhein,Keera",DCG
2025-03-15,GCS 2025 Spring GS,HKA,DCG,"Skud,Aoi,Mganga,Capheny,Toro","Riktor,Keera,Raz,Valhein,Baldum","Bolt Baron,TeeMee,Roxie,Thane","Maloch,Rouie,Omen,Florentino",HKA
2025-03-15,RPL 2025 Summer - GS,TLN,KOG,"Omen,Marja,Murad,Capheny,Arduin","Roxie,Eland'orr,Sephera,Bolt Baron,Dolia","Rouie,Florentino,Alice,Diao Chan","Billow,Maloch,Ming,Zip",KOG
2025-03-15,RPL 2025 Summer - GS,TLN,KOG,"TeeMee,Keera,Liliana,Valhein,Helen","Yena,Marja,Iggy,Elsu,Baldum","Rouie,Fennik,Aoi,Florentino","Billow,Maloch,Murad,Skud",TLN
2025-03-15,RPL 2025 Summer - GS,TLN,KOG,"Riktor,Eland'orr,Rouie,Stuart,Enzo","Mina,Keera,Raz,Valhein,Y'bneth","Florentino,Grakk,Yena,Zip","Billow,Maloch,Omen,Marja",KOG
2025-03-15,RPL 2025 Summer - GS,TLN,KOG,"Ryoma,Nakroth,Natalya,Elsu,Aya","Maloch,Zuka,Ignis,Hayate,Enzo","Marja,Keera,Eland'orr,Omen","Billow,Rouie,Murad,Florentino",TLN
2025-03-15,RPL 2025 Summer - GS,TLN,KOG,"Yena,Bolt Baron,Raz,Violet,Xeniel","Qi,Billow,Liliana,Stuart,Arduin","Maloch,Hayate,Florentino,Dolia","Valhein,Marja,Enzo,TeeMee",KOG
2025-03-14,RPL 2025 Summer - GS,HD,BRU,"Yena,Keera,Krixi,Hayate,Enzo","Omen,Fennik,Rouie,Capheny,Arduin","Stuart,Bolt Baron,TeeMee,Marja","Valhein,Billow,Natalya,Diao Chan",BRU
2025-03-14,RPL 2025 Summer - GS,HD,BRU,"Ryoma,Marja,Raz,Stuart,Dolia","Skud,Eland'orr,Maloch,Hayate,Alice","Valhein,Bolt Baron,Qi,Murad","Billow,Enzo,Omen,Aoi",BRU
2025-03-14,RPL 2025 Summer - GS,HD,BRU,"Riktor,Bolt Baron,Ignis,Capheny,TeeMee","Yena,Billow,Liliana,Tel'Annas,Enzo","Maloch,Eland'orr,Raz,Skud","Valhein,Marja,Yue,Qi",BRU
2025-03-09,AOG Spring 2025 GS1,FL,SGP,"Bolt Baron,Yan,Ignis,Hayate,TeeMee","Marja,Enzo,Tulen,Capheny,Ming","Rouie,Stuart,Liliana,Iggy","Raz,Billow,Ryoma,Qi",SGP
2025-03-09,AOG Spring 2025 GS1,FL,SGP,"Skud,Eland'orr,Liliana,Valhein,Dolia","Qi,Billow,Krixi,Fennik,Maloch","Rouie,Stuart,Murad,Alice","Raz,Enzo,Florentino,Roxie",SGP
2025-03-09,AOG Spring 2025 GS1,FL,SGP,"Riktor,Keera,Rouie,Fennik,Baldum","Yena,Nakroth,Raz,Valhein,Zip","Billow,Maloch,Ming,Grakk","TeeMee,Enzo,Toro,Marja",SGP
2025-03-09,AOG Spring 2025 GS1,FL,SGP,"Murad,Wonder Woman,Iggy,Elsu,Arduin","Skud,Aoi,Kahlii,Slimz,TeeMee","Valhein,Marja,Raz,Florentino","Rouie,Enzo,Roxie,Qi",FL
2025-03-09,RPL 2025 Summer - GS,HD,eA,"Florentino,Aoi,Tulen,Elsu,Xeniel","Airi,Fennik,Aleister,Murad,Maloch","Bolt Baron,Valhein,Dolia,Rouie","Marja,Stuart,Roxie,Thane",eA
2025-03-09,RPL 2025 Summer - GS,HD,eA,"Riktor,Keera,Krixi,Hayate,Grakk","Yena,Billow,Liliana,Eland'orr,Alice","Valhein,Bolt Baron,Dolia,Yue","Stuart,Marja,Qi,Omen",HD
2025-03-09,RPL 2025 Summer - GS,HD,eA,"Yena,Eland'orr,Rouie,Capheny,Omega","Skud,Zuka,Raz,Hayate,Krizzix","Bolt Baron,Billow,Kriknak,Murad","Marja,Valhein,Omen,Qi",eA
2025-03-09,RPL 2025 Summer - GS,HD,eA,"Murad,Billow,Raz,Fennik,TeeMee","Mina,Marja,Tulen,Stuart,Enzo","Valhein,Bolt Baron,Omen,Skud","Keera,Maloch,Hayate,Qi",HD
2025-03-09,RPL 2025 Summer - GS,HD,eA,"Ryoma,Bolt Baron,Ignis,Violet,Enzo","Riktor,Keera,Iggy,Capheny,TeeMee","Maloch,Billow,Omen,Skud","Valhein,Marja,Stuart,Elsu",eA
2025-03-09,GCS 2025 Spring GS,FW,BMG,"Ryoma,Billow,Krixi,Hayate,Enzo","Murad,Eland'orr,Liliana,Capheny,Maloch","TeeMee,Keera,Omen,Alice","Valhein,Marja,Mganga,Natalya",FW
2025-03-09,GCS 2025 Spring GS,FW,BMG,"Qi,Nakroth,Sephera,Capheny,TeeMee","Yena,Aoi,Ignis,Valhein,Baldum","Bolt Baron,Billow,Omen,Roxie","Marja,Fennik,Iggy,Errol",FW
2025-03-09,GCS 2025 Spring GS,FW,BMG,"Yena,Keera,Liliana,Stuart,Ming","Skud,Fennik,Iggy,Elsu,Thane","Bolt Baron,Billow,Florentino,Maloch","Marja,TeeMee,Dolia,Enzo",BMG
2025-03-09,GCS 2025 Spring GS,FW,BMG,"Bolt Baron,Zuka,Raz,Violet,Arduin","Marja,Nakroth,Natalya,Stuart,Enzo","Valhein,TeeMee,Qi,Mganga","Fennik,Eland'orr,Omen,Liliana",FW
2025-03-09,AOG Spring 2025 GS1,SPN,FPL,"Marja,Enzo,Raz,Tel'Annas,Zip","Ryoma,Billow,Tulen,Violet,TeeMee","Maloch,Valhein,Qi,Stuart","Bolt Baron,Fennik,Omen,Murad",SPN
2025-03-09,AOG Spring 2025 GS1,SPN,FPL,"Charlotte,Eland'orr,Rouie,Stuart,TeeMee","Florentino,Murad,Ignis,Capheny,Toro","Billow,Maloch,Ryoma,Qi","Valhein,Bolt Baron,Mina,Omen",SPN
2025-03-09,AOG Spring 2025 GS1,SPN,FPL,"Airi,Keera,Maloch,Violet,Dolia","Omen,Bolt Baron,Rouie,Hayate,Arduin","Eland'orr,Billow,Enzo,Florentino","Valhein,Marja,Capheny,Laville",SPN
2025-03-09,RPL 2025 Summer - GS,FS,KOG,"Yena,Fennik,Ignis,Valhein,Grakk","Qi,Keera,Natalya,Tel'Annas,Y'bneth","Florentino,Raz,TeeMee,Riktor","Billow,Marja,Omen,Yan",FS
2025-03-09,RPL 2025 Summer - GS,FS,KOG,"Bolt Baron,Sephera,Natalya,Capheny,Arduin","Murad,Eland'orr,Ignis,Omen,Enzo","Raz,Stuart,Florentino,Ryoma","Valhein,Billow,Marja,Mina",FS
2025-03-09,RPL 2025 Summer - GS,FS,KOG,"Kil'Groth,Aoi,Iggy,Eland'orr,Wiro Sableng","Mina,Billow,Maloch,Laville,Dolia","Valhein,Raz,Capheny,Tel'Annas","Marja,Stuart,Florentino,Roxie",KOG
2025-03-09,RPL 2025 Summer - GS,FS,KOG,"Ryoma,Keera,Raz,Hayate,TeeMee","Marja,Zuka,Rouie,Violet,Arduin","Eland'orr,Stuart,Omen,Capheny","Valhein,Billow,Qi,Murad",FS
2025-03-09,AOG Spring 2025 GS1,TDT,1S,"Airi,Marja,Yue,Violet,TeeMee","Qi,Bolt Baron,Kahlii,Tel'Annas,Baldum","Valhein,Rouie,Omen,Iggy","Billow,Maloch,Ryoma,Eland'orr",1S
2025-03-09,AOG Spring 2025 GS1,TDT,1S,"Florentino,Murad,Liliana,Bright,Roxie","Biron,Ryoma,Dolia,Capheny,Maloch","Valhein,Rouie,Qi,Omen","Marja,Billow,Eland'orr,Fennik",1S
2025-03-09,AOG Spring 2025 GS1,TDT,1S,"Riktor,Keera,Iggy,Hayate,Enzo","Marja,Nakroth,Raz,Stuart,Ming","Rouie,Valhein,Omen,Capheny","TeeMee,Maloch,Qi,Ryoma",TDT
2025-03-09,AOG Spring 2025 GS1,TDT,1S,"Skud,Zuka,Raz,Valhein,Thane","Yena,Aoi,Tulen,Fennik,Y'bneth","Maloch,Rouie,Omen,Qi","TeeMee,Marja,Zip,Ming",1S
2025-03-09,AOG Spring 2025 GS1,TDT,1S,"Yena,Bolt Baron,Rouie,Stuart,Arduin","Florentino,Billow,Ignis,Violet,TeeMee","Maloch,Eland'orr,Raz,Qi","Marja,Valhein,Omen,Toro",TDT
2025-03-09,GCS 2025 Spring GS,HKA,ANK,"Billow,Ryoma,Ignis,Capheny,TeeMee","Biron,Eland'orr,Iggy,Qi,Thane","Rouie,Aoi,Elsu,Fennik","Bolt Baron,Maloch,Airi,Raz",HKA
2025-03-09,GCS 2025 Spring GS,HKA,ANK,"Omen,Eland'orr,Liliana,Fennik,Thane","Marja,Zuka,Yue,Valhein,Toro","Bolt Baron,Rouie,Mina,Ming","Maloch,TeeMee,Qi,Billow",HKA
2025-03-09,GCS 2025 Spring GS,HKA,ANK,"Florentino,Aoi,Iggy,Valhein,Toro","Ryoma,Keera,Ignis,Stuart,Omega","Marja,Maloch,Omen,Qi","Bolt Baron,TeeMee,Enzo,Skud",ANK
2025-03-09,GCS 2025 Spring GS,HKA,ANK,"Marja,Wonder Woman,Rouie,Stuart,Omega","Murad,Billow,Raz,Skud,Enzo","Bolt Baron,Valhein,Hayate,Qi","Maloch,TeeMee,Omen,Toro",HKA
2025-03-09,RPL 2025 Summer - GS,TLN,BRU,"Murad,Nakroth,Iggy,Violet,Aya","Mina,Fennik,Rouie,Hayate,Enzo","Valhein,Florentino,Omen,Qi","Billow,Marja,TeeMee,Ming",BRU
2025-03-09,RPL 2025 Summer - GS,TLN,BRU,"Skud,Aoi,Liliana,Stuart,Dolia","Charlotte,Keera,Diao Chan,Violet,TeeMee","Valhein,Bolt Baron,Qi,Omen","Billow,Marja,Florentino,Raz",BRU
2025-03-09,RPL 2025 Summer - GS,TLN,BRU,"Riktor,Keera,Rouie,Hayate,Roxie","Yena,Aoi,Maloch,Stuart,Aleister","Eland'orr,TeeMee,Alice,Florentino","Valhein,Marja,Arduin,Skud",BRU
2025-03-09,RPL 2025 Summer - GS,TLN,BRU,"Qi,Bolt Baron,Diao Chan,Capheny,Enzo","Ryoma,Yan,Liliana,Marja,Arduin","Valhein,Eland'orr,Stuart,Hayate","Billow,Rouie,Omen,Raz",TLN
2025-03-09,RPL 2025 Summer - GS,TLN,BRU,"Yena,Eland'orr,Natalya,Maloch,Alice","Roxie,Billow,Raz,Capheny,Dolia","Hayate,Murad,Ryoma,Zata","Marja,Valhein,Stuart,Qi",TLN
2025-03-08,AOG Spring 2025 GS1,BSS,BOX,"Ryoma,Aoi,Rouie,Fennik,Arduin","Qi,Marja,Liliana,Capheny,TeeMee","Valhein,Raz,Keera,Florentino","Bolt Baron,Billow,Stuart,Murad",BOX
2025-03-08,AOG Spring 2025 GS1,BSS,BOX,"Qi,Eland'orr,Tulen,Valhein,Roxie","Mina,Billow,Maloch,Fennik,Alice","Raz,Enzo,Dolia,Florentino","Bolt Baron,Marja,Zip,Liliana",BOX
2025-03-08,AOG Spring 2025 GS1,BSS,BOX,"Florentino,Zill,Raz,Hayate,Enzo","Bolt Baron,Eland'orr,Tulen,Stuart,Arduin","Valhein,TeeMee,Rouie,Liliana","Maloch,Marja,Billow,Murad",BOX
2025-03-08,RPL 2025 Summer - GS,HD,PSG,"Qi,Marja,Yue,Fennik,Enzo","Riktor,Billow,Zata,Hayate,Toro","Valhein,Rouie,Xeniel,TeeMee","Maloch,Eland'orr,Murad,Omen",HD
2025-03-08,RPL 2025 Summer - GS,HD,PSG,"Ryoma,Keera,Ignis,Violet,Toro","Yena,Marja,Natalya,Capheny,Grakk","Rouie,Valhein,TeeMee,Raz","Dolia,Enzo,Qi,Murad",HD
2025-03-08,RPL 2025 Summer - GS,HD,PSG,"Riktor,Bolt Baron,Tulen,Hayate,TeeMee","Omen,Aoi,Iggy,Violet,Ming","Billow,Rouie,Eland'orr,Marja","Maloch,Valhein,Murad,Florentino",HD
2025-03-08,RPL 2025 Summer - GS,HD,PSG,"Yena,Billow,Raz,Stuart,Roxie","Skud,Bolt Baron,Maloch,Fennik,Dolia","Rouie,Marja,Hayate,Florentino","Valhein,Eland'orr,Kil'Groth,Enzo",PSG
2025-03-08,GCS 2025 Spring GS,FW,ANK,"Florentino,Eland'orr,Iggy,Elsu,Roxie","Airi,Bright,Krixi,Slimz,Maloch","Valhein,Keera,Zuka,Hayate","Bolt Baron,TeeMee,Billow,Thane",FW
2025-03-08,GCS 2025 Spring GS,FW,ANK,"Riktor,Keera,Mganga,Hayate,Maloch","Biron,Aoi,Sephera,Capheny,Dolia","Valhein,Eland'orr,Alice,Omen","Bolt Baron,TeeMee,Raz,Qi",FW
2025-03-08,GCS 2025 Spring GS,FW,ANK,"Marja,Fennik,Tulen,Stuart,Y'bneth","Ryoma,Billow,Raz,Violet,Ming","Valhein,Maloch,Roxie,Qi","Bolt Baron,TeeMee,Omen,Charlotte",ANK
2025-03-08,GCS 2025 Spring GS,FW,ANK,"Yena,Aoi,Natalya,Capheny,Enzo","Marja,Fennik,Rouie,Murad,Omega","Valhein,Billow,Omen,Eland'orr","Bolt Baron,TeeMee,Qi,Maloch",ANK
2025-03-08,GCS 2025 Spring GS,FW,ANK,"Biron,Nakroth,Ignis,Valhein,Toro","Bolt Baron,Enzo,Yue,Stuart,Thane","TeeMee,Billow,Raz,Natalya","Maloch,Marja,Qi,Murad",FW
2025-03-08,AOG Spring 2025 GS1,SGP,FPL,"Skud,Wonder Woman,Raz,Fennik,Rouie","Yena,Billow,Ignis,Violet,Arduin","TeeMee,Maloch,Florentino,Ming","Valhein,Bolt Baron,Toro,Roxie",SGP
2025-03-08,AOG Spring 2025 GS1,SGP,FPL,"Yena,Billow,Tulen,Violet,TeeMee","Riktor,Keera,Raz,Stuart,Enzo","Maloch,Rouie,Aoi,Skud","Valhein,Bolt Baron,Hayate,Qi",SGP
2025-03-08,AOG Spring 2025 GS1,SGP,FPL,"Maloch,Marja,Liliana,Capheny,Ming","Ryoma,Bolt Baron,Natalya,Hayate,Roxie","Valhein,Rouie,Murad,Qi","TeeMee,Raz,Alice,Dolia",SGP
2025-03-08,RPL 2025 Summer - GS,BAC,KOG,"Florentino,Eland'orr,Natalya,Murad,Zip","Marja,Ryoma,Rouie,Stuart,Enzo","Maloch,Bolt Baron,Raz,Krixi","Valhein,TeeMee,Liliana,Iggy",BAC
2025-03-08,RPL 2025 Summer - GS,BAC,KOG,"Skud,Marja,Ignis,Hayate,Rouie","Qi,Keera,Yue,Valhein,Grakk","Bolt Baron,Maloch,Raz,Natalya","Stuart,Billow,Omen,TeeMee",BAC
2025-03-08,RPL 2025 Summer - GS,BAC,KOG,"Maloch,Fennik,Raz,Bolt Baron,Ming","Murad,Billow,Liliana,Hayate,TeeMee","Eland'orr,Valhein,Florentino,Roxie","Marja,Enzo,Stuart,Capheny",BAC
2025-03-08,AOG Spring 2025 GS1,1S,SPN,"Yena,Eland'orr,Iggy,Stuart,Wiro Sableng","Biron,Keera,Natalya,Marja,Grakk","Valhein,Rouie,Laville,Qi","Billow,Bolt Baron,Arduin,Dolia",1S
2025-03-08,AOG Spring 2025 GS1,1S,SPN,"Marja,Aoi,Liliana,Hayate,Y'bneth","Ryoma,Billow,Iggy,Elsu,Thane","Rouie,Valhein,Qi,Omen","Stuart,Eland'orr,Enzo,Murad",1S
2025-03-08,AOG Spring 2025 GS1,1S,SPN,"Qi,Nakroth,Raz,Valhein,Zip","Airi,Enzo,Maloch,Fennik,Dolia","Rouie,TeeMee,Keera,Florentino","Billow,Marja,Murad,Eland'orr",SPN
2025-03-08,AOG Spring 2025 GS1,1S,SPN,"Maloch,Yan,Violet,Rouie,TeeMee","Skud,Bolt Baron,Raz,Stuart,Y'bneth","Marja,Valhein,Hayate,Florentino","Eland'orr,Billow,Keera,Omen",1S
2025-03-08,GCS 2025 Spring GS,ONE,DCG,"Yena,Billow,Liliana,Elsu,TeeMee","Lu Bu,Aoi,Alice,Stuart,Baldum","Rouie,Maloch,Omen,Qi","Bolt Baron,Marja,Florentino,Skud",DCG
2025-03-08,GCS 2025 Spring GS,ONE,DCG,"Riktor,Fennik,Rouie,Hayate,Wiro Sableng","Murad,Eland'orr,Ignis,Marja,TeeMee","Maloch,Stuart,Qi,Capheny","Bolt Baron,Valhein,Omen,Mina",DCG
2025-03-08,GCS 2025 Spring GS,ONE,DCG,"Qi,Keera,Raz,Capheny,Thane","Airi,Billow,Iggy,Fennik,Toro","Maloch,TeeMee,Omen,Florentino","Bolt Baron,Rouie,Roxie,Baldum",ONE
2025-03-08,GCS 2025 Spring GS,ONE,DCG,"Biron,Aoi,Ignis,Stuart,Enzo","Riktor,Keera,Raz,Valhein,Arduin","Rouie,Bolt Baron,Qi,Roxie","Maloch,TeeMee,Omen,Florentino",DCG
2025-03-08,RPL 2025 Summer - GS,eA,FS,"Yena,Yan,Liliana,Capheny,TeeMee","Florentino,Keera,Ignis,Laville,Wiro Sableng","Stuart,Eland'orr,Tel'Annas,Xeniel","Valhein,Billow,Murad,Airi",eA
2025-03-08,RPL 2025 Summer - GS,eA,FS,"Skud,Keera,Raz,Hayate,Thane","Bolt Baron,Aoi,Liliana,Fennik,Enzo","Stuart,Eland'orr,Omen,Florentino","Valhein,Billow,Roxie,Capheny",eA
2025-03-08,RPL 2025 Summer - GS,eA,FS,"Qi,Eland'orr,Lorion,Bolt Baron,Enzo","Marja,Billow,Rouie,Hayate,Toro","Valhein,Stuart,Omen,Murad","Raz,TeeMee,Roxie,Natalya",eA
2025-03-08,RPL 2025 Summer - GS,eA,FS,"Marja,Errol,Iggy,Stuart,Dolia","Qi,Yan,Raz,Capheny,TeeMee","Maloch,Billow,Keera,Eland'orr","Valhein,Bolt Baron,Aoi,Alice",FS
2025-03-07,AOG Spring 2025 GS1,TDT,BOX,"Florentino,Keera,Diao Chan,Violet,TeeMee","Yena,Bolt Baron,Rouie,Hayate,Arduin","Billow,Enzo,Toro,Omen","Valhein,Maloch,Murad,Qi",BOX
2025-03-07,AOG Spring 2025 GS1,TDT,BOX,"Omen,Aoi,Sephera,Hayate,Dolia","Murad,Zuka,Maloch,Capheny,Alice","Billow,Enzo,Bolt Baron,Yena","Valhein,Rouie,Florentino,Qi",BOX
2025-03-07,AOG Spring 2025 GS1,TDT,BOX,"Mina,Billow,Raz,Fennik,Cresht","Riktor,Eland'orr,Iggy,Valhein,Thane","Marja,Enzo,Bolt Baron,Keera","Maloch,Rouie,Omega,Xeniel",TDT
2025-03-07,AOG Spring 2025 GS1,TDT,BOX,"Marja,Eland'orr,Iggy,Stuart,Toro","Florentino,Tulen,Liliana,Fennik,TeeMee","Billow,Valhein,Bolt Baron,Keera","Maloch,Rouie,Murad,Mganga",BOX
2025-03-07,AOG Spring 2025 GS1,TDT,BOX,"Skud,Bolt Baron,Liliana,Elsu,Thane","Qi,Yan,Raz,Stuart,Ming","Eland'orr,Maloch,Omen,Florentino","Valhein,Marja,Krizzix,Roxie",TDT
2025-03-07,RPL 2025 Summer - GS,PSG,TLN,"Murad,Marja,Natalya,Fennik,Toro","Roxie,Eland'orr,Aleister,Capheny,Enzo","Bolt Baron,Billow,Ignis,Diao Chan","Valhein,Rouie,Mina,Grakk",PSG
2025-03-07,RPL 2025 Summer - GS,PSG,TLN,"Ryoma,Bolt Baron,Alice,Stuart,Dolia","Qi,Marja,Krixi,Fennik,Maloch","Valhein,Eland'orr,Enzo,Omen","Rouie,Florentino,Murad,Capheny",PSG
2025-03-07,RPL 2025 Summer - GS,PSG,TLN,"Qi,Billow,Zata,Hayate,Xeniel","Yan,Keera,Raz,Stuart,Ming","Eland'orr,Maloch,Bolt Baron,Omen","Marja,Valhein,Grakk,Krizzix",PSG
2025-03-07,AOG Spring 2025 GS1,BSS,FL,"Qi,Enzo,Natalya,Valhein,Zip","Skud,Aoi,Maloch,Hayate,Dolia","Billow,Raz,Fennik,Elsu","TeeMee,Rouie,Florentino,Eland'orr",FL
2025-03-07,AOG Spring 2025 GS1,BSS,FL,"Omen,Aoi,Raz,Stuart,Roxie","Biron,Keera,Iggy,Capheny,Toro","Billow,Maloch,Qi,Skud","TeeMee,Valhein,Yan,Mina",FL
2025-03-07,AOG Spring 2025 GS1,BSS,FL,"Riktor,Billow,Tulen,Capheny,Ming","Florentino,Butterfly,Rouie,Stuart,Krizzix","Valhein,Raz,Mina,Y'bneth","Maloch,TeeMee,Marja,Ignis",FL
2025-03-07,AOG Spring 2025 GS1,1S,SGP,"Murad,Billow,Liliana,Fennik,Omega","Yena,Keera,Raz,Valhein,Enzo","Maloch,Marja,Zip,Aoi","Rouie,TeeMee,Skud,Rouie",1S
2025-03-07,AOG Spring 2025 GS1,1S,SGP,"Riktor,Marja,Raz,Slimz,Mina","Ryoma,Wonder Woman,Rouie,Eland'orr,Arduin","Maloch,Billow,Toro,Enzo","Valhein,TeeMee,Capheny,Krizzix",1S
2025-03-07,AOG Spring 2025 GS1,1S,SGP,"Biron,Nakroth,Ignis,Stuart,Enzo","Skud,Zuka,Liliana,Hayate,TeeMee","Valhein,Bolt Baron,Riktor,Keera","Marja,Rouie,Ming,Florentino",1S
2025-03-06,AOG Spring 2025 GS1,BOX,SPN,"Bolt Baron,Billow,Iggy,Elsu,Xeniel","Airi,Nakroth,Raz,Stuart,Enzo","Maloch,TeeMee,Murad,Ming","Valhein,Eland'orr,Toro,Arduin",BOX
2025-03-06,AOG Spring 2025 GS1,BOX,SPN,"Yena,Zephys,Liliana,Capheny,TeeMee","Omen,Eland'orr,Rouie,Marja,Toro","Maloch,Valhein,Stuart,Murad","Billow,Bolt Baron,Qi,Mina",BOX
2025-03-06,AOG Spring 2025 GS1,BOX,SPN,"Florentino,Keera,Raz,Fennik,Enzo","Yena,Billow,Natalya,Laville,Grakk","Valhein,Maloch,Capheny,Elsu","Stuart,Eland'orr,Bolt Baron,Skud",BOX
2025-03-06,AOG Spring 2025 GS1,FPL,BSS,"Florentino,Murad,Ignis,Fennik,Omega","Riktor,Bolt Baron,Iggy,Valhein,Zip","TeeMee,Maloch,Qi,Ming","Stuart,Rouie,Marja,Enzo",BSS
2025-03-06,AOG Spring 2025 GS1,FPL,BSS,"Qi,Keera,Liliana,Violet,Arduin","Skud,Aoi,Raz,Fennik,Thane","Maloch,TeeMee,Bolt Baron,Krizzix","Valhein,Marja,Omen,Murad",BSS
2025-03-06,AOG Spring 2025 GS1,FPL,BSS,"Yena,Bolt Baron,Maloch,Hayate,Dolia","Murad,Billow,Rouie,Stuart,Arduin","TeeMee,Raz,Florentino,Omen","Marja,Valhein,Qi,Fennik",BSS
2025-03-06,AOG Spring 2025 GS1,FPL,BSS,"Skud,Billow,Raz,Capheny,TeeMee","Yena,Marja,Liliana,Elsu,Enzo","Bolt Baron,Valhein,Stuart,Fennik","Maloch,Eland'orr,Qi,Omen",FPL
2025-03-02,AOG Spring 2025 GS1,TDT,FL,"Skud,Billow,Liliana,Elsu,Arduin","Omen,Wonder Woman,Raz,Stuart,Enzo","Bolt Baron,Maloch,Aoi,Yan","Valhein,TeeMee,Florentino,Roxie",FL
2025-03-02,AOG Spring 2025 GS1,TDT,FL,"Ryoma,Bolt Baron,Diao Chan,Hayate,Thane","Marja,Keera,Rouie,Murad,Y'bneth","Maloch,Eland'orr,Toro,Omen","Grakk,Qi,TeeMee,Valhein",FL
2025-03-02,AOG Spring 2025 GS1,TDT,FL,"Yena,Marja,Rouie,Capheny,Mina","Riktor,Eland'orr,Ignis,Fennik,TeeMee","Valhein,Stuart,Florentino,Qi","Maloch,Billow,Omen,Murad",FL
2025-03-02,RPL 2025 Summer - GS,KOG,PSG,"Omen,Billow,Tulen,Elsu,Arduin","Skud,Yan,Natalya,Hayate,Grakk","Marja,Valhein,Roxie,Eland'orr","Rouie,Bolt Baron,Yue,Iggy",PSG
2025-03-02,RPL 2025 Summer - GS,KOG,PSG,"Murad,Keera,Ignis,Fennik,Mina","Florentino,Zill,Raz,Capheny,Maloch","Marja,Valhein,Yue,TeeMee","Bolt Baron,Rouie,Yena,Omen",KOG
2025-03-02,RPL 2025 Summer - GS,KOG,PSG,"Skud,Eland'orr,Liliana,Stuart,Ming","Mina,Billow,Iggy,Violet,Enzo","Marja,Valhein,TeeMee,Zip","Bolt Baron,Rouie,Murad,Florentino",PSG
2025-03-02,RPL 2025 Summer - GS,KOG,PSG,"Riktor,Aoi,Maloch,Capheny,TeeMee","Yena,Wonder Woman,Alice,Fennik,Dolia","Marja,Enzo,Mina,Eland'orr","Valhein,Bolt Baron,Keera,Billow",KOG
2025-03-02,RPL 2025 Summer - GS,KOG,PSG,"Roxie,Marja,Raz,Hayate,Enzo","Qi,Bolt Baron,Rouie,Stuart,Y'bneth","Maloch,Eland'orr,TeeMee,Toro","Valhein,Fennik,Capheny,Billow",PSG
2025-03-02,GCS 2025 Spring GS,ANK,DCG,"Marja,Kriknak,Mganga,Violet,TeeMee","Ryoma,Eland'orr,Natalya,Capheny,Enzo","Bolt Baron,Maloch,Murad,Raz","Omen,Mina,Valhein,Billow",DCG
2025-03-02,GCS 2025 Spring GS,ANK,DCG,"Bolt Baron,Wonder Woman,Yue,Stuart,Thane","Florentino,Aoi,Liliana,Hayate,TeeMee","Maloch,Rouie,Raz,Iggy","Riktor,Qi,Valhein,Billow",ANK
2025-03-02,GCS 2025 Spring GS,ANK,DCG,"Murad,Zuka,Natalya,Hayate,Enzo","Yena,Keera,Alice,Stuart,Dolia","Raz,Maloch,TeeMee,Bolt Baron","Marja,Billow,Grakk,Skud",DCG
2025-03-02,GCS 2025 Spring GS,ANK,DCG,"Maloch,Aoi,Rouie,Eland'orr,Omega","Qi,Zuka,Krixi,Marja,Krizzix","Capheny,Stuart,TeeMee,Bolt Baron","Valhein,Billow,Omen,Murad",ANK
2025-03-02,GCS 2025 Spring GS,ANK,DCG,"Biron,Keera,Raz,Fennik,Toro","Riktor,Billow,Ignis,Valhein,Roxie","Thane,Ming,TeeMee,Bolt Baron","Maloch,Stuart,Qi,Florentino",DCG
2025-03-02,AOG Spring 2025 GS1,BOX,SGP,"Ryoma,Bolt Baron,Iggy,Capheny,Thane","Riktor,Nakroth,Liliana,Fennik,Roxie","Marja,Stuart,Murad,Qi","Valhein,TeeMee,Ming,Enzo",SGP
2025-03-02,AOG Spring 2025 GS1,BOX,SGP,"Yena,Keera,Ignis,Hayate,Y'bneth","Skud,Wonder Woman,Rouie,Violet,TeeMee","Valhein,Bolt Baron,Eland'orr,Omen","Maloch,Raz,Florentino,Qi",SGP
2025-03-02,AOG Spring 2025 GS1,BOX,SGP,"Riktor,Fennik,Liliana,Marja,Dolia","Ryoma,Billow,Raz,Hayate,Maloch","Bolt Baron,Valhein,Capheny,Murad","Stuart,Eland'orr,Omen,Roxie",SGP
2025-03-02,RPL 2025 Summer - GS,BRU,FS,"Airi,Eland'orr,Mganga,Stuart,Ming","Florentino,Keera,Liliana,Violet,Arduin","Maloch,Enzo,Xeniel,Krizzix","Valhein,Bolt Baron,Raz,Rouie",FS
2025-03-02,RPL 2025 Summer - GS,BRU,FS,"Qi,Aoi,Natalya,Hayate,Enzo","Marja,Bolt Baron,Rouie,Capheny,Toro","Valhein,Dolia,Eland'orr,Omen","Stuart,Raz,Florentino,Billow",FS
2025-03-02,RPL 2025 Summer - GS,BRU,FS,"Marja,Keera,Iggy,Capheny,Zip","Yena,Billow,Raz,Hayate,TeeMee","Maloch,Enzo,Murad,Omen","Bolt Baron,Valhein,Dolia,Qi",FS
2025-03-02,AOG Spring 2025 GS1,FPL,1S,"Murad,Keera,Iggy,Fennik,Omega","Skud,Ryoma,Liliana,Valhein,Zip","Bolt Baron,Rouie,Ming,Omen","Marja,TeeMee,Enzo,Aoi",1S
2025-03-02,AOG Spring 2025 GS1,FPL,1S,"Maloch,Billow,Raz,Valhein,Ming","Qi,Aoi,Tulen,Fennik,Dolia","Bolt Baron,Stuart,Murad,Diao Chan","Marja,Enzo,Zip,Sephera",1S
2025-03-02,AOG Spring 2025 GS1,FPL,1S,"Airi,Bolt Baron,Liliana,Stuart,Toro","Florentino,Billow,Violet,Marja,TeeMee","Valhein,Rouie,Ignis,Keera","Dolia,Raz,Yue,Murad",1S
2025-03-02,GCS 2025 Spring GS,BMG,ONE,"Florentino,Aoi,Iggy,Hayate,TeeMee","Bolt Baron,Eland'orr,Liliana,Capheny,Wiro Sableng","Marja,Stuart,Ignis,Murad","Qi,Billow,Valhein,Rouie",ONE
2025-03-02,GCS 2025 Spring GS,BMG,ONE,"Murad,Fennik,Liliana,Stuart,Toro","Ryoma,Aoi,Iggy,Valhein,Y'bneth","Roxie,Florentino,TeeMee,Bolt Baron","Rouie,Maloch,Omen,Qi",ONE
2025-03-02,GCS 2025 Spring GS,BMG,ONE,"Yena,Marja,Ignis,Capheny,Enzo","Riktor,Keera,Rouie,Hayate,Arduin","Fennik,Eland'orr,Qi,Murad","Aoi,Billow,Valhein,Bolt Baron",ONE
2025-03-02,RPL 2025 Summer - GS,HD,BAC,"Florentino,Aoi,Raz,Valhein,Omega","Qi,Billow,Tulen,Fennik,Enzo","Maloch,Eland'orr,Natalya,Airi","Bolt Baron,Marja,Zip,TeeMee",BAC
2025-03-02,RPL 2025 Summer - GS,HD,BAC,"Charlotte,Keera,Natalya,Fennik,Roxie","Riktor,Bolt Baron,Ignis,Hayate,Alice","Valhein,Marja,Enzo,Florentino","Maloch,Raz,Murad,Zip",BAC
2025-03-02,RPL 2025 Summer - GS,HD,BAC,"Yena,Eland'orr,Liliana,Stuart,Y'bneth","Mina,Wonder Woman,Raz,Violet,TeeMee","Maloch,Bolt Baron,Sephera,Keera","Marja,Valhein,Florentino,Roxie",BAC
2025-03-01,AOG Spring 2025 GS1,FL,SPN,"Bolt Baron,Eland'orr,Iggy,Elsu,Mina","Ryoma,Billow,Raz,Tel'Annas,TeeMee","Valhein,Maloch,Murad,Omen","Rouie,Marja,Toro,Krixi",FL
2025-03-01,AOG Spring 2025 GS1,FL,SPN,"Yena,Billow,Raz,Stuart,Dolia","Riktor,Wonder Woman,Rouie,Marja,Toro","Maloch,Eland'orr,Omen,Skud","Aoi,TeeMee,Florentino,Krizzix",FL
2025-03-01,AOG Spring 2025 GS1,FL,SPN,"Qi,Keera,Liliana,Valhein,Arduin","Yena,Enzo,Iggy,Fennik,Omega","Bolt Baron,Marja,TeeMee,Stuart","Rouie,Maloch,Omen,Zip",FL
2025-03-01,RPL 2025 Summer - GS,BRU,KOG,"Skud,Keera,Liliana,Hayate,TeeMee","Ryoma,Bolt Baron,Raz,Capheny,Arduin","Maloch,Eland'orr,Ming,Zip","Valhein,Marja,Rouie,Omen",BRU
2025-03-01,RPL 2025 Summer - GS,BRU,KOG,"Ryoma,Zill,Iggy,Stuart,Dolia","Murad,Keera,Ignis,Hayate,Enzo","Bolt Baron,Maloch,Raz,Natalya","Valhein,Marja,Omen,Yena",KOG
2025-03-01,RPL 2025 Summer - GS,BRU,KOG,"Riktor,Bolt Baron,Natalya,Capheny,Xeniel","Marja,Billow,Rouie,Tel'Annas,Mina","Maloch,Eland'orr,Omen,Hayate","Valhein,TeeMee,Florentino,Ignis",KOG
2025-03-01,RPL 2025 Summer - GS,BRU,KOG,"Airi,Billow,Diao Chan,Fennik,Y'bneth","Florentino,Errol,Liliana,Valhein,TeeMee","Bolt Baron,Marja,Eland'orr,Keera","Stuart,Maloch,Omen,Ignis",BRU
2025-03-01,RPL 2025 Summer - GS,BRU,KOG,"Qi,Eland'orr,Raz,Violet,Enzo","Skud,Fennik,Tulen,Stuart,Toro","Maloch,Marja,Florentino,Omen","Valhein,Bolt Baron,Keera,Ming",BRU
2025-03-01,GCS 2025 Spring GS,FW,HKA,"Florentino,Billow,Iggy,Violet,Enzo","Roxie,Yan,Natalya,Hayate,TeeMee","Stuart,Fennik,Eland'orr,Airi","Raz,Krixi,Valhein,Bolt Baron",FW
2025-03-01,GCS 2025 Spring GS,FW,HKA,"Qi,Eland'orr,Ignis,Stuart,Maloch","Bolt Baron,Ryoma,Murad,Marja,Dolia","Liliana,Alice,Hayate,TeeMee","Valhein,Rouie,Billow,Omen",FW
2025-03-01,GCS 2025 Spring GS,FW,HKA,"Zuka,Kriknak,Liliana,Hayate,Omega","Florentino,Keera,Rouie,Capheny,Thane","Marja,Billow,Omen,Toro","Krizzix,Enzo,TeeMee,Bolt Baron",HKA
2025-03-01,GCS 2025 Spring GS,FW,HKA,"Marja,Aoi,Mganga,Capheny,Toro","Mina,Zuka,Raz,Valhein,Y'bneth","Thane,Billow,Bolt Baron,TeeMee","Maloch,Fennik,Florentino,Iggy",FW
2025-03-01,AOG Spring 2025 GS1,TDT,BSS,"Qi,Eland'orr,Liliana,Tel'Annas,Zip","Marja,Nakroth,Iggy,Capheny,TeeMee","Valhein,Billow,Mina,Omen","Stuart,Maloch,Baldum,Enzo",TDT
2025-03-01,AOG Spring 2025 GS1,TDT,BSS,"Yena,Bolt Baron,Iggy,Capheny,Thane","Skud,Keera,Ignis,Hayate,Xeniel","Maloch,Eland'orr,Tulen,Rouie","Valhein,Marja,Florentino,Omen",TDT
2025-03-01,AOG Spring 2025 GS1,TDT,BSS,"Zuka,Billow,Rouie,Violet,Toro","Yena,Yan,Raz,Elsu,Enzo","Maloch,Eland'orr,Florentino,Qi","Valhein,Marja,Omen,Stuart",BSS
2025-03-01,AOG Spring 2025 GS1,TDT,BSS,"Skud,Zill,Raz,Hayate,TeeMee","Riktor,Bolt Baron,Liliana,Stuart,Krizzix","Valhein,Billow,Ming,Xeniel","Maloch,Marja,Keera,Omen",TDT
2025-03-01,RPL 2025 Summer - GS,TLN,eA,"Florentino,Nakroth,Yue,Capheny,Enzo","Yena,Yan,Liliana,Hayate,Krizzix","Bolt Baron,Murad,Tulen,Baldum","Valhein,Dolia,Iggy,Raz",TLN
2025-03-01,RPL 2025 Summer - GS,TLN,eA,"Skud,Bolt Baron,Ignis,Violet,Ming","Roxie,Eland'orr,Iggy,Stuart,Y'bneth","Rouie,Florentino,Aoi,Murad","Valhein,Dolia,Maloch,Mganga",TLN
2025-03-01,RPL 2025 Summer - GS,TLN,eA,"Yena,Keera,Rouie,Hayate,Arduin","Marja,Billow,Raz,Bright,TeeMee","Bolt Baron,Valhein,Krizzix,Alice","Maloch,Stuart,Omen,Ryoma",eA
2025-03-01,RPL 2025 Summer - GS,TLN,eA,"Qi,Eland'orr,Natalya,Marja,Roxie","Ryoma,Keera,Dolia,Capheny,Maloch","Stuart,Hayate,Alice,Omen","Valhein,Bolt Baron,Raz,Liliana",TLN
2025-03-01,AOG Spring 2025 GS1,1S,BOX,"Marja,Ryoma,Krixi,Murad,Roxie","Florentino,Eland'orr,Zata,Capheny,Dolia","Keera,Rouie,Omen,Riktor","Valhein,Maloch,Zip,Krizzix",1S
2025-03-01,AOG Spring 2025 GS1,1S,BOX,"Billow,Bolt Baron,Raz,Capheny,Aleister","Qi,Aoi,Iggy,Violet,Roxie","Marja,TeeMee,Omen,Mina","Valhein,Maloch,Ming,Xeniel",1S
2025-03-01,AOG Spring 2025 GS1,1S,BOX,"Skud,Keera,Liliana,Stuart,Ormarr","Yena,Billow,Raz,Fennik,Xeniel","Marja,Rouie,Florentino,TeeMee","Maloch,Valhein,Ming,Omen",BOX
2025-03-01,AOG Spring 2025 GS1,1S,BOX,"Florentino,Wonder Woman,Violet,Rouie,TeeMee","Airi,Bolt Baron,Maloch,Stuart,Alice","Dolia,Billow,Fennik,Qi","Valhein,Marja,Keera,Eland'orr",BOX
2025-03-01,AOG Spring 2025 GS1,1S,BOX,"Qi,Aoi,Yue,Fennik,Arduin","Skud,Yan,Liliana,Valhein,Enzo","TeeMee,Bolt Baron,Zip,Omen","Marja,Maloch,Murad,Toro",1S
2025-03-01,GCS 2025 Spring GS,BMG,DCG,"Bolt Baron,Eland'orr,Liliana,Elsu,Maloch","Ryoma,Keera,Raz,Capheny,Ming","Marja,Stuart,Qi,Murad","Y'bneth,Baldum,Valhein,TeeMee",BMG
2025-03-01,GCS 2025 Spring GS,BMG,DCG,"Yena,Kriknak,Krixi,Stuart,Krizzix","Biron,Wonder Woman,Diao Chan,Fennik,Maloch","Marja,Keera,Bolt Baron,Skud","Florentino,Billow,Valhein,TeeMee",BMG
2025-03-01,GCS 2025 Spring GS,BMG,DCG,"Enzo,Fennik,Ignis,Keera,Biron","Riktor,Aoi,Rouie,Valhein,Wiro Sableng","Arduin,Toro,Marja,Bolt Baron","Billow,Stuart,Qi,Florentino",BMG
2025-03-01,GCS 2025 Spring GS,BMG,DCG,"Lu Bu,Aoi,Natalya,Marja,Toro","Yena,Billow,Liliana,Hayate,TeeMee","Eland'orr,Qi,Valhein,Bolt Baron","Maloch,Stuart,Raz,Iggy",DCG
2025-03-01,RPL 2025 Summer - GS,PSG,BAC,"Yena,Billow,Liliana,Stuart,Dolia","Roxie,Eland'orr,Raz,Tel'Annas,Zip","Valhein,Bolt Baron,TeeMee,Skud","Maloch,Marja,Iggy,Ryoma",BAC
2025-03-01,RPL 2025 Summer - GS,PSG,BAC,"Florentino,Keera,Natalya,Fennik,Xeniel","Airi,Marja,Ignis,Capheny,Enzo","Valhein,Bolt Baron,Billow,Zill","Eland'orr,Maloch,Murad,Grakk",BAC
2025-03-01,RPL 2025 Summer - GS,PSG,BAC,"Omen,Bolt Baron,Rouie,Valhein,Arum","Maloch,Keera,Natalya,Stuart,Grakk","Eland'orr,Billow,Florentino,Enzo","Marja,Dolia,TeeMee,Roxie",BAC
2025-02-28,AOG Spring 2025 GS1,SPN,TDT,"Airi,Aoi,Iggy,Elsu,Y'bneth","Qi,Wonder Woman,Natalya,Fennik,Cresht","TeeMee,Valhein,Nakroth,Enzo","Stuart,Maloch,Florentino,Skud",SPN
2025-02-28,AOG Spring 2025 GS1,SPN,TDT,"Riktor,Wonder Woman,Rouie,Eland'orr,Toro","Ryoma,Marja,Raz,Stuart,Mina","TeeMee,Hayate,Aoi,Qi","Valhein,Maloch,Florentino,Skud",TDT
2025-02-28,AOG Spring 2025 GS1,SPN,TDT,"Omen,Keera,Alice,Capheny,TeeMee","Riktor,Bolt Baron,Iggy,Elsu,Thane","Valhein,Marja,Stuart,Aoi","Maloch,Eland'orr,Florentino,Qi",SPN
2025-02-28,AOG Spring 2025 GS1,SPN,TDT,"Mina,Enzo,Raz,Hayate,Omega","Yena,Billow,Rouie,Violet,Toro","Valhein,Marja,Stuart,Keera","Maloch,Eland'orr,Florentino,Qi",SPN
2025-02-28,RPL 2025 Summer - GS,FS,HD,"Florentino,Eland'orr,Iggy,Fennik,Xeniel","Airi,Aoi,Liliana,Valhein,Ming","TeeMee,Maloch,Grakk,Krizzix","Bolt Baron,Billow,Ignis,Errol",FS
2025-02-28,RPL 2025 Summer - GS,FS,HD,"Qi,Wonder Woman,Zata,Hayate,Dolia","Marja,Bolt Baron,Rouie,Stuart,Omega","TeeMee,Valhein,Krizzix,Zip","Billow,Fennik,Ignis,Liliana",HD
2025-02-28,RPL 2025 Summer - GS,FS,HD,"Marja,Keera,Raz,Stuart,Toro","Skud,Eland'orr,Iggy,Violet,Enzo","Valhein,Maloch,Hayate,Elsu","Bolt Baron,Billow,TeeMee,Dolia",FS
2025-02-28,RPL 2025 Summer - GS,FS,HD,"Maloch,Aoi,Rouie,Valhein,Ming","Billow,Keera,Ignis,Capheny,Y'bneth","TeeMee,Enzo,Florentino,Krizzix","Bolt Baron,Raz,Eland'orr,Marja",FS
2025-02-28,AOG Spring 2025 GS1,FL,FPL,"Qi,Billow,Iggy,Elsu,Wiro Sableng","Florentino,Bolt Baron,Raz,Capheny,Enzo","Stuart,TeeMee,Marja,Omen","Valhein,Rouie,Toro,Arduin",FL
2025-02-28,AOG Spring 2025 GS1,FL,FPL,"Florentino,Marja,Liliana,Fennik,Dolia","Roxie,Errol,Krixi,Hayate,Maloch","Bolt Baron,Valhein,Qi,Krizzix","Rouie,Billow,Murad,Eland'orr",FL
2025-02-28,AOG Spring 2025 GS1,FL,FPL,"Yena,Sephera,Raz,Capheny,TeeMee","Skud,Eland'orr,Rouie,Violet,Toro","Maloch,Billow,Mina,Omen","Bolt Baron,Valhein,Ryoma,Murad",FL
2025-02-28,AOG Spring 2025 GS1,BSS,SGP,"Qi,Yan,Krixi,Fennik,TeeMee","Skud,Bolt Baron,Iggy,Tel'Annas,Baldum","Stuart,Raz,Elsu,Violet","Valhein,Rouie,Liliana,Marja",SGP
2025-02-28,AOG Spring 2025 GS1,BSS,SGP,"Murad,Aoi,Tulen,Stuart,Dolia","Yena,Wonder Woman,Rouie,Hayate,Maloch","Billow,TeeMee,Omen,Skud","Marja,Eland'orr,Florentino,Qi",SGP
2025-02-28,AOG Spring 2025 GS1,BSS,SGP,"Yena,Billow,Raz,Hayate,Arduin","Ryoma,Marja,Liliana,Capheny,Enzo","TeeMee,Valhein,Omen,Qi","Maloch,Stuart,Murad,Florentino",SGP
2025-02-27,AOG Spring 2025 GS1,SGP,TDT,"Riktor,Enzo,Ignis,Capheny,Roxie","Yena,Billow,Rouie,Elsu,Toro","Valhein,Bolt Baron,Hayate,Omen","Maloch,Marja,Florentino,Eland'orr",TDT
2025-02-27,AOG Spring 2025 GS1,SGP,TDT,"Skud,Bolt Baron,Iggy,Elsu,Thane","Airi,Aoi,Raz,Stuart,TeeMee","Rouie,Maloch,Eland'orr,Florentino","Valhein,Billow,Toro,Qi",TDT
2025-02-27,AOG Spring 2025 GS1,SGP,TDT,"Ryoma,Keera,Rouie,Laville,Arduin","Riktor,Marja,Diao Chan,Violet,Thane","Valhein,TeeMee,Florentino,Hayate","Maloch,Eland'orr,Omen,Stuart",TDT
2025-02-27,AOG Spring 2025 GS1,SPN,BSS,"Omen,Bolt Baron,Maloch,Murad,Dolia","Qi,Marja,Natalya,Hayate,TeeMee","Enzo,Florentino,Raz,Yan","Billow,Stuart,Eland'orr,Capheny",SPN
2025-02-27,AOG Spring 2025 GS1,SPN,BSS,"Skud,Aoi,Raz,Valhein,Y'bneth","Riktor,Billow,Krixi,Tel'Annas,Zip","Enzo,Florentino,Qi,Ignis","Bolt Baron,Stuart,Grakk,Omen",SPN
2025-02-27,AOG Spring 2025 GS1,SPN,BSS,"Florentino,Keera,Iggy,Hayate,Enzo","Bolt Baron,Zill,Liliana,Capheny,Maloch","Eland'orr,Billow,Aoi,Murad","Valhein,TeeMee,Natalya,Raz",SPN
2025-02-23,AOG Spring 2025 GS1,1S,FL,"Qi,Keera,Yue,Yorn,Y'bneth","Florentino,Zephys,Raz,Capheny,Mina","Maloch,Billow,Enzo,Yan","Valhein,Rouie,Elsu,Hayate",FL
2025-02-23,AOG Spring 2025 GS1,1S,FL,"Zuka,Sephera,Iggy,Violet,Krizzix","Riktor,Eland'orr,Ignis,Stuart,TeeMee","Billow,Maloch,Omen,Raz","Valhein,Rouie,Mina,Murad",1S
2025-02-23,AOG Spring 2025 GS1,1S,FL,"Skud,Billow,Dolia,Fennik,Alice","Qi,Bolt Baron,Natalya,Valhein,Grakk","Rouie,TeeMee,Enzo,Raz","Maloch,Eland'orr,Diao Chan,Ignis",1S
2025-02-23,AOG Spring 2025 GS1,1S,FL,"Florentino,Aoi,Raz,Marja,TeeMee","Yena,Keera,Iggy,Elsu,Arduin","Bolt Baron,Valhein,Omen,Riktor","Maloch,Rouie,Hayate,Murad",FL
2025-02-23,AOG Spring 2025 GS1,1S,FL,"Bolt Baron,Enzo,Natalya,Stuart,Ming","Marja,Aoi,Liliana,Hayate,Dolia","TeeMee,Billow,Maloch,Qi","Rouie,Valhein,Omen,Murad",FL
2025-02-23,RPL 2025 Summer - GS,FS,BAC,"Airi,Keera,Liliana,Valhein,Thane","Florentino,Bolt Baron,Natalya,Stuart,Enzo","Billow,TeeMee,Raz,Yue","Marja,Rouie,Omen,Murad",FS
2025-02-23,RPL 2025 Summer - GS,FS,BAC,"Florentino,Bolt Baron,Raz,Hayate,Y'bneth","Ryoma,Fennik,Mganga,Valhein,Helen","Billow,Enzo,Ming,Xeniel","Marja,TeeMee,Eland'orr,Tel'Annas",FS
2025-02-23,RPL 2025 Summer - GS,FS,BAC,"Ryoma,Billow,Natalya,Stuart,Dolia","Maloch,Eland'orr,Krixi,Marja,Rouie","Enzo,TeeMee,Sephera,Keera","Bolt Baron,Valhein,Florentino,Murad",BAC
2025-02-23,RPL 2025 Summer - GS,FS,BAC,"Maloch,Aoi,Iggy,Violet,Ming","Riktor,Zill,Ignis,Hayate,Dolia","Billow,Enzo,Fennik,Florentino","Bolt Baron,Marja,Capheny,Stuart",FS
2025-02-23,AOG Spring 2025 GS1,FPL,BOX,"Florentino,Murad,Tulen,Stuart,Dolia","Riktor,Zill,Maloch,Fennik,Alice","Marja,Rouie,Keera,Omen","Bolt Baron,Valhein,Zata,Billow",BOX
2025-02-23,AOG Spring 2025 GS1,FPL,BOX,"Omen,Keera,Raz,Violet,Cresht","Qi,Billow,Liliana,Stuart,Krizzix","Marja,Valhein,Florentino,Mina","Bolt Baron,Maloch,TeeMee,Zip",BOX
2025-02-23,AOG Spring 2025 GS1,FPL,BOX,"Mina,Marja,Rouie,Hayate,Toro","Yena,Bolt Baron,Ignis,Capheny,TeeMee","Maloch,Eland'orr,Florentino,Qi","Valhein,Stuart,Murad,Fennik",BOX
2025-02-23,RPL 2025 Summer - GS,TLN,HD,"Skud,Keera,Rouie,Elsu,Y'bneth","Riktor,Wonder Woman,Diao Chan,Tel'Annas,Zip","Dolia,Hayate,Zanis,Yena","Bolt Baron,Maloch,Liliana,Capheny",TLN
2025-02-23,RPL 2025 Summer - GS,TLN,HD,"Murad,Billow,Ignis,Hayate,Dolia","Florentino,Eland'orr,Krixi,Violet,Omega","Rouie,Grakk,Ming,Zip","Bolt Baron,Maloch,Sephera,Alice",HD
2025-02-23,RPL 2025 Summer - GS,TLN,HD,"Mina,Marja,Yue,Violet,TeeMee","Qi,Yan,Raz,Capheny,Enzo","Rouie,Grakk,Florentino,Skud","Bolt Baron,Maloch,Eland'orr,Billow",TLN
2025-02-23,RPL 2025 Summer - GS,TLN,HD,"Ryoma,Errol,Iggy,Stuart,Enzo","Kil'Groth,Marja,Tulen,Valhein,Thane","Bolt Baron,Rouie,Y'bneth,Florentino","Billow,Maloch,Eland'orr,Qi",TLN
2025-02-23,RPL 2025 Summer - GS,TLN,HD,"Yena,Nakroth,Raz,Valhein,Xeniel","Ryoma,Billow,Liliana,Fennik,TeeMee","Maloch,Hayate,Florentino,Murad","Bolt Baron,Marja,Zip,Aoi",HD
2025-02-23,AOG Spring 2025 GS1,SGP,SPN,"Qi,Fennik,Krixi,Stuart,Ming","Omen,Aoi,Rouie,Laville,Toro","Marja,Bolt Baron,Hayate,Violet","Valhein,TeeMee,Ignis,Raz",SPN
2025-02-23,AOG Spring 2025 GS1,SGP,SPN,"Florentino,Billow,Lauriel,Capheny,Baldum","Airi,Keera,Maloch,Elsu,Dolia","Marja,Bolt Baron,Hayate,Laville","Enzo,Valhein,Krixi,Murad",SPN
2025-02-23,AOG Spring 2025 GS1,SGP,SPN,"Skud,Eland'orr,Rouie,Tulen,Omega","Riktor,Billow,Natalya,Stuart,Krizzix","Maloch,Florentino,Grakk,Mina","Valhein,TeeMee,Arduin,Murad",SGP
2025-02-23,AOG Spring 2025 GS1,SGP,SPN,"Yena,Bolt Baron,Dolia,Hayate,Maloch","Ryoma,Enzo,Liliana,Valhein,Zip","Marja,Florentino,Murad,Lauriel","Billow,TeeMee,Stuart,Fennik",SPN
2025-02-23,AOG Spring 2025 GS1,SGP,SPN,"Ryoma,Marja,Natalya,Violet,Mina","Qi,Eland'orr,Krixi,Fennik,TeeMee","Valhein,Rouie,Florentino,Hayate","Maloch,Stuart,Toro,Omen",SGP
2025-02-23,RPL 2025 Summer - GS,PSG,BRU,"Riktor,Keera,Iggy,Capheny,Thane","Ryoma,Billow,Ignis,Hayate,TeeMee","Rouie,Natalya,Yena,Omen","Bolt Baron,Valhein,Enzo,Ming",BRU
2025-02-23,RPL 2025 Summer - GS,PSG,BRU,"Skud,Billow,Zata,Eland'orr,Dolia","Murad,Keera,Iggy,Stuart,Krizzix","Ming,Rouie,TeeMee,Qi","Bolt Baron,Valhein,Florentino,Omen",PSG
2025-02-23,RPL 2025 Summer - GS,PSG,BRU,"Yena,Marja,Natalya,Tel'Annas,Grakk","Skud,Eland'orr,Liliana,Capheny,Enzo","Rouie,Iggy,Omen,Florentino","Bolt Baron,Valhein,Mina,Stuart",BRU
2025-02-23,RPL 2025 Summer - GS,PSG,BRU,"Qi,Fennik,Maloch,Hayate,Rouie","Marja,Yan,Raz,Violet,Dolia","Billow,Eland'orr,Stuart,Capheny","Bolt Baron,Valhein,Omen,Aoi",BRU
2025-02-22,AOG Spring 2025 GS1,BOX,FL,"Mina,Yan,Raz,Violet,Y'bneth","Lu Bu,Wonder Woman,Iggy,Capheny,Baldum","Valhein,Maloch,Yena,Qi","Bolt Baron,Marja,Skud,Florentino",FL
2025-02-22,AOG Spring 2025 GS1,BOX,FL,"Riktor,Billow,Rouie,Stuart,Arduin","Florentino,Keera,Diao Chan,Elsu,Xeniel","Valhein,Maloch,Raz,Ignis","Marja,Bolt Baron,Eland'orr,Airi",BOX
2025-02-22,AOG Spring 2025 GS1,BOX,FL,"Murad,Tulen,Maloch,Fennik,Dolia","Marja,Nakroth,Krixi,Hayate,Enzo","Bolt Baron,Valhein,Qi,Omen","Billow,Eland'orr,Aoi,Riktor",BOX
2025-02-22,AOG Spring 2025 GS1,BOX,FL,"Yena,Keera,Iggy,Valhein,Enzo","Riktor,Billow,Liliana,Fennik,Arduin","Maloch,Stuart,Omen,Omega","Marja,Bolt Baron,Eland'orr,Aoi",FL
2025-02-22,AOG Spring 2025 GS1,BOX,FL,"Qi,Ryoma,Ignis,Capheny,TeeMee","Skud,Eland'orr,Rouie,Murad,Toro","Maloch,Marja,Stuart,Florentino","Valhein,Bolt Baron,Mina,Omen",FL
2025-02-22,RPL 2025 Summer - GS,BAC,TLN,"Murad,Keera,Iggy,Marja,Xeniel","Florentino,Bolt Baron,Liliana,Stuart,Ming","Valhein,Maloch,Capheny,Violet","Rouie,Hayate,Fennik,Grakk",TLN
2025-02-22,RPL 2025 Summer - GS,BAC,TLN,"Charlotte,Wonder Woman,Ignis,Tel'Annas,Maloch","Yena,Aoi,Alice,Slimz,Dolia","Bolt Baron,Marja,Iggy,Sephera","Rouie,Florentino,Ming,Qi",TLN
2025-02-22,RPL 2025 Summer - GS,BAC,TLN,"Ryoma,Billow,Liliana,Stuart,TeeMee","Skud,Keera,Rouie,Hayate,Enzo","Maloch,Eland'orr,Toro,Arduin","Bolt Baron,Marja,Florentino,Raz",TLN
2025-02-22,RPL 2025 Summer - GS,BAC,TLN,"Skud,Eland'orr,Diao Chan,Valhein,Enzo","Qi,Billow,Raz,Tel'Annas,Y'bneth","Maloch,Stuart,Murad,Keera","Bolt Baron,Marja,Florentino,Riktor",BAC
2025-02-22,AOG Spring 2025 GS1,FPL,TDT,"Qi,Aoi,Raz,Capheny,TeeMee","Skud,Billow,Liliana,Violet,Thane","Marja,Valhein,Omen,Grakk","Stuart,Maloch,Keera,Florentino",TDT
2025-02-22,AOG Spring 2025 GS1,FPL,TDT,"Skud,Bolt Baron,Natalya,Violet,Enzo","Murad,Keera,Rouie,Stuart,Toro","Marja,Maloch,Eland'orr,Omen","Valhein,Billow,Florentino,Hayate",TDT
2025-02-22,AOG Spring 2025 GS1,FPL,TDT,"Mina,Marja,Ignis,Fennik,Toro","Qi,Aoi,Iggy,Laville,TeeMee","Maloch,Eland'orr,Omen,Florentino","Valhein,Stuart,Natalya,Billow",TDT
2025-02-22,RPL 2025 Summer - GS,eA,PSG,"Qi,Yan,Iggy,Hayate,Thane","Skud,Aoi,Dirak,Violet,Enzo","Valhein,Bolt Baron,Ming,TeeMee","Rouie,Marja,Fennik,Elsu",eA
2025-02-22,RPL 2025 Summer - GS,eA,PSG,"Riktor,Billow,Tulen,Stuart,TeeMee","Omen,Keera,Natalya,Hayate,Toro","Valhein,Bolt Baron,Enzo,Grakk","Rouie,Marja,Florentino,Yena",eA
2025-02-22,RPL 2025 Summer - GS,eA,PSG,"Airi,Keera,Liliana,Valhein,Dolia","Florentino,Billow,Maloch,Celica,Alice","Bolt Baron,Ming,Stuart,Tel'Annas","Fennik,Marja,Diao Chan,Lauriel",eA
2025-02-22,RPL 2025 Summer - GS,eA,PSG,"Ryoma,Bolt Baron,Raz,Capheny,Ming","Yena,Marja,Rouie,Fennik,Y'bneth","Stuart,Maloch,Omen,Riktor","Valhein,Billow,Krizzix,Qi",PSG
2025-02-22,AOG Spring 2025 GS1,1S,BSS,"Zuka,Marja,Yue,Stuart,Toro","Eland'orr,Aoi,Natalya,Erin,Grakk","Billow,Qi,Elsu,Omen","Valhein,Bolt Baron,Ryoma,Yena",1S
2025-02-22,AOG Spring 2025 GS1,1S,BSS,"Qi,Aoi,Violet,Rouie,TeeMee","Skud,Nakroth,Iggy,Capheny,Y'bneth","Billow,Marja,Keera,Toro","Valhein,Bolt Baron,Florentino,Omen",1S
2025-02-22,AOG Spring 2025 GS1,1S,BSS,"Murad,Billow,Natalya,Laville,Enzo","Ryoma,Yan,Maloch,Fennik,Dolia","Valhein,Marja,Omen,Qi","Eland'orr,Bolt Baron,Hayate,Stuart",1S
2025-02-22,RPL 2025 Summer - GS,BRU,HD,"Murad,Nakroth,Tulen,Stuart,Ming","Mina,Sephera,Iggy,Hayate,Arduin","Valhein,Marja,Skud,Qi","Rouie,Bolt Baron,Aoi,Riktor",BRU
2025-02-22,RPL 2025 Summer - GS,BRU,HD,"Qi,Yan,Raz,Marja,Dolia","Maloch,Billow,Ignis,Violet,Zip","Bolt Baron,Valhein,Ming,Aoi","Rouie,Eland'orr,Stuart,Hayate",BRU
2025-02-22,RPL 2025 Summer - GS,BRU,HD,"Yena,Keera,Iggy,Violet,Zip","Omen,Wonder Woman,Rouie,Capheny,Enzo","Maloch,Valhein,Eland'orr,Billow","Bolt Baron,Marja,Mina,Florentino",HD
2025-02-22,RPL 2025 Summer - GS,BRU,HD,"Skud,Billow,Liliana,Valhein,Enzo","Yena,Keera,Natalya,Fennik,TeeMee","Maloch,Eland'orr,Ignis,Florentino","Bolt Baron,Marja,Iggy,Raz",BRU
2025-02-21,RPL 2025 Summer - GS,KOG,eA,"Florentino,Billow,Liliana,Fennik,Y'bneth","Airi,Yan,Iggy,Capheny,Enzo","Marja,Stuart,Omen,Ignis","Valhein,Bolt Baron,Qi,Murad",eA
2025-02-21,RPL 2025 Summer - GS,KOG,eA,"Ryoma,Zuka,Maloch,Capheny,Alice","Qi,Keera,Raz,Hayate,Dolia","Marja,Billow,Omen,Mina","Bolt Baron,Valhein,Eland'orr,Aoi",eA
2025-02-21,RPL 2025 Summer - GS,KOG,eA,"Yena,Marja,Iggy,Violet,Toro","Riktor,Eland'orr,Tulen,Elsu,TeeMee","Maloch,Stuart,Qi,Liliana","Bolt Baron,Valhein,Murad,Mina",eA
2025-02-17,RPL 2025 Summer - GS,BAC,BRU,"Florentino,Fennik,Natalya,Valhein,Xeniel","Yena,Bolt Baron,Rouie,Tel'Annas,TeeMee","Maloch,Stuart,Murad,Eland'orr","Marja,Keera,Ming,Grakk",BAC
2025-02-17,RPL 2025 Summer - GS,BAC,BRU,"Skud,Billow,Ignis,Tel'Annas,Zip","Mina,Fennik,Natalya,Violet,Y'bneth","Bolt Baron,Valhein,Aoi,Eland'orr","Maloch,Marja,Florentino,Keera",BAC
2025-02-17,RPL 2025 Summer - GS,BAC,BRU,"Ryoma,Lauriel,Iggy,Capheny,Enzo","Qi,Marja,Liliana,Hayate,Arduin","Valhein,Rouie,Stuart,Mina","Maloch,Aoi,Omen,Murad",BRU
2025-02-17,RPL 2025 Summer - GS,BAC,BRU,"Yena,Sephera,Rouie,Elsu,Arduin","Skud,Keera,Ignis,Capheny,Ming","Maloch,Valhein,Aoi,Murad","Bolt Baron,Marja,Billow,Wonder Woman",BRU
2025-02-17,RPL 2025 Summer - GS,BAC,BRU,"Qi,Eland'orr,Tulen,Stuart,TeeMee","Ryoma,Billow,Iggy,Elsu,Toro","Maloch,Valhein,Sephera,Mina","Bolt Baron,Marja,Rouie,Liliana",BAC
2025-02-16,RPL 2025 Summer - GS,TLN,FS,"Florentino,Tulen,Natalya,Stuart,Enzo","Billow,Fennik,Yue,Valhein,Arduin","Dolia,Bolt Baron,Airi,Qi","Rouie,Marja,Aoi,Errol",TLN
2025-02-16,RPL 2025 Summer - GS,TLN,FS,"Skud,Keera,Maloch,Laville,Dolia","Murad,Zill,Raz,Violet,Ming","Enzo,Bolt Baron,Billow,Florentino","Valhein,Marja,Hayate,Riktor",TLN
2025-02-16,RPL 2025 Summer - GS,TLN,FS,"Bolt Baron,Nakroth,Raz,Capheny,Aya","TeeMee,Keera,Aleister,Tel'Annas,Rouie","Enzo,Dolia,Omen,Yena","Valhein,Marja,Y'bneth,Grakk",TLN
2025-02-16,RPL 2025 Summer - GS,BAC,eA,"Maloch,Sephera,Raz,Capheny,TeeMee","Omen,Wonder Woman,Yue,Elsu,Rouie","Bolt Baron,Marja,Murad,Keera","Valhein,Dolia,Florentino,Mina",BAC
2025-02-16,RPL 2025 Summer - GS,BAC,eA,"Murad,Eland'orr,Yue,Stuart,Xeniel","Krizzix,Enzo,Raz,Hayate,Maloch","Bolt Baron,Marja,Alice,Mina","Valhein,Dolia,Florentino,Omen",BAC
2025-02-16,RPL 2025 Summer - GS,BAC,eA,"Ryoma,Keera,Ignis,Fennik,Enzo","Florentino,Billow,Iggy,Valhein,TeeMee","Bolt Baron,Marja,Eland'orr,Murad","Stuart,Dolia,Errol,Sephera",BAC
2025-02-16,RPL 2025 Summer - GS,BAC,eA,"Airi,Billow,Iggy,Marja,Ming","Qi,Aoi,Aleister,Stuart,Dolia","Maloch,Eland'orr,Florentino,Murad","Valhein,Bolt Baron,Omen,Skud",eA
2025-02-16,RPL 2025 Summer - GS,HD,KOG,"Skud,Yan,Liliana,Valhein,Y'bneth","Yena,Wonder Woman,Ignis,Stuart,Dolia","Bolt Baron,Florentino,Riktor,Errol","Grakk,Eland'orr,Omen,Billow",HD
2025-02-16,RPL 2025 Summer - GS,HD,KOG,"Maloch,Aoi,Iggy,Capheny,TeeMee","Mina,Keera,Natalya,Elsu,Grakk","Stuart,Florentino,Riktor,Marja","Bolt Baron,Valhein,Liliana,Raz",HD
2025-02-16,RPL 2025 Summer - GS,HD,KOG,"Qi,Zill,Dolia,Hayate,Murad","Ryoma,Billow,Maloch,Violet,Alice","Valhein,Bolt Baron,Fennik,Riktor","Stuart,Eland'orr,Aoi,Raz",KOG
2025-02-16,RPL 2025 Summer - GS,HD,KOG,"Marja,Keera,Ignis,Violet,Enzo","Qi,Eland'orr,Iggy,Capheny,Toro","Dolia,Stuart,Elsu,TeeMee","Bolt Baron,Valhein,Ming,Mina",HD
2025-02-15,RPL 2025 Summer - GS,eA,BRU,"Qi,Aoi,Liliana,Violet,Thane","Skud,Yan,Ignis,Celica,Dolia","Valhein,Bolt Baron,Errol,Wonder Woman","Rouie,Stuart,Omen,Florentino",BRU
2025-02-15,RPL 2025 Summer - GS,eA,BRU,"Ryoma,Yan,Yue,Capheny,TeeMee","Marja,Billow,Liliana,Hayate,Y'bneth","Valhein,Elsu,Ming,Tel'Annas","Bolt Baron,Rouie,Eland'orr,Qi",BRU
2025-02-15,RPL 2025 Summer - GS,eA,BRU,"Riktor,Keera,Alice,Hayate,Maloch","Ryoma,Sephera,Iggy,Stuart,Enzo","Valhein,Bolt Baron,Billow,Aoi","Rouie,TeeMee,Florentino,Omen",eA
2025-02-15,RPL 2025 Summer - GS,eA,BRU,"Krizzix,Billow,Iggy,Elsu,Dolia","Qi,Keera,Maloch,Capheny,Zip","Valhein,Bolt Baron,Ming,Raz","Stuart,Rouie,Omen,Florentino",BRU
2025-02-15,RPL 2025 Summer - GS,eA,BRU,"Yena,Marja,Raz,Valhein,Y'bneth","Omen,Fennik,Volkath,Rouie,Arduin","Stuart,Dolia,Errol,Aoi","Bolt Baron,Billow,Mina,Florentino",eA
2025-02-15,RPL 2025 Summer - GS,KOG,TLN,"Marja,Billow,Tulen,Stuart,Toro","Florentino,Zill,Raz,Valhein,Helen","Bolt Baron,TeeMee,Enzo,Zip","Dolia,Eland'orr,Murad,Y'bneth",TLN
2025-02-15,RPL 2025 Summer - GS,KOG,TLN,"Qi,Keera,Liliana,Elsu,TeeMee","Skud,Marja,Iggy,Stuart,Ming","Bolt Baron,Valhein,Aoi,Errol","Dolia,Rouie,Florentino,Murad",TLN
2025-02-15,RPL 2025 Summer - GS,KOG,TLN,"Bolt Baron,Fennik,Natalya,Violet,Enzo","Riktor,Keera,Maloch,Capheny,Dolia","TeeMee,Marja,Omen,Murad","Valhein,Grakk,Hayate,Billow",TLN
2025-02-15,RPL 2025 Summer - GS,FS,PSG,"Maloch,Ryoma,Tulen,Violet,Ming","Riktor,Marja,Rouie,Hayate,Toro","Aoi,Enzo,Omen,Murad","Valhein,Bolt Baron,Yena,Qi",PSG
2025-02-15,RPL 2025 Summer - GS,FS,PSG,"Riktor,Wonder Woman,Natalya,Capheny,Dolia","Maloch,Errol,Diao Chan,Violet,Ming","Marja,Aoi,Florentino,Raz","Bolt Baron,Valhein,Omen,Yena",FS
2025-02-15,RPL 2025 Summer - GS,FS,PSG,"Florentino,Aoi,Diao Chan,Stuart,Toro","Skud,Keera,Iggy,Valhein,Arum","Maloch,Marja,Zip,TeeMee","Bolt Baron,Ming,Dolia,Grakk",FS
2025-02-15,RPL 2025 Summer - GS,FS,PSG,"Skud,Keera,Rouie,Fennik,Arduin","Yena,Billow,Dirak,Stuart,Y'bneth","Marja,Enzo,TeeMee,Raz","Valhein,Maloch,Omen,Qi",PSG
2025-02-15,RPL 2025 Summer - GS,FS,PSG,"Marja,Billow,Raz,Hayate,Enzo","Qi,Bolt Baron,Natalya,Fennik,Grakk","TeeMee,Maloch,Stuart,Capheny","Valhein,Rouie,Murad,Aoi",PSG
